Lexical simplification	Syntactic Simplification
صبح ہوتے ہی بیٹے نے ملازمہ کے ہاتھوں ایک خط دیکر اپنی ماں کے پاس بھیجا۔	صبح بیٹے نے ملازمہ کو ایک خط دیکر اپنی ماں کے پاس بھیجا۔
خط میں لکھا تھا۔ امی جان! کل آپ ہمارے گھر آئیں اور ہمارے بیٹے عاصم کو لیکر چلی گئیں۔	خط میں لکھا تھا کہ امی جان! کل آپ ہمارے بیٹے عاصم کو ساتھ  لیکر چلی گئیں۔
اگر ہم موجود ہوتے تو شاید اُسے آپ کے ساتھ جانے نہ دیتے کیوں کہ وہ ہمیں بہت زیادہ پیارا ہے۔	اگر ہم موجود ہوتے تو اُسے آپ کےساتھ جانے نہیں دیتے ۔
 اس کے بغیر ایک دن گزارنا ہمارے لئے مشکل ہے۔	 اس کے بغیر ایک دن گزارنا مشکل ہے۔
 وہ نہیں تھا تو کل شام کا کھانا بھی کھایا نہیں جا سکا۔	 وہ نہیں تھا تو کل کھانا بھی نہیں کھایا گیا۔
 رات میں ہم سو نہ سکے۔  	ہم سو نہ سکے۔  
ملازمہ کو بھیج رہا ہوں ہمارا بیٹا واپس بھیج دیں - 	ہمارا بیٹا واپس بھیج دیں۔
ماں نے انکے بیٹےکو واپس بھیج دیا۔ مگر ساتھ میں ایک خط بھی دیا ۔	ماں نے انکے بیٹے کو ایک خط بھی دے کر بھیجا۔
 جس میں لکھا تھا۔ تمھیں اپنے بیٹے سےدور ہونے کا کتنااحساس ہوا۔	 جس میں لکھا تھا کہ تمھیں اپنے بیٹے سےدور ہونے کا کتنااحساس ہوا۔
 اب تمہیں معلوم ہوا ہوگا کہ بیٹے کی دور ہونے کا غم کیا ہوتا ہے۔	تمہیں معلوم ہوا ہوگا کہ بیٹے کے دور ہونے کا غم کیا ہوتا ہے۔
 اپنی شادی ہو جانے کے بعد بھی تم نے ہم سے ملنا مناسب نہ سمجھا-	شادی کے بعد تم نے ہم سے ملنا مناسب نہ سمجھا۔-
تمہارا ایک دن میں یہ حال ہوا ہے۔	تمہارا ایک دن میں یہ حال ہوا ہے۔
ذرا سوچو! تم مجھ سے دس سال سےدور ہو، میرا کیا حال ہو رہا ہوگا؟	تم مجھ سےدور ہو، میرا کیا حال ہو رہا ہوگا؟
بہت سے لوگ اُس جگہ جمع تھے جہاں ایک مزدور دو منزلہ عمارت سے گر کر مر چکا تھا۔	ایک مزدور عمارت سے گر کر مر چکا تھا۔
زمین پر دو خط بھی اسکی جیب سے گر پڑے تھے ایک خط اسکی بیوی نے لکھا تھا۔	دو خط اسکے جیب سے ملیں ایک خط اسکی بیوی نے لکھا تھا۔
کل رات میں نے ایک ڈراونا خواب دیکھا ہے۔	میں نے ایک ڈراونا خواب دیکھا ہے۔
 آپ کام کرتے کرتے بہت اونچائی سے گر کر الله سے جا ملے ہیں ۔	 آپ بہت اونچائی سے گر کر الله سے جا ملے ہیں۔ 
 خدا نہ کرے ایسا ہو لیکن جب سے خواب دیکھا ہے میں بہت پریشان ہوں آپ اسی وقت چلے آؤ۔	میں بہت پریشان ہوں آپ اسی وقت چلے آؤ۔
دوسرا خط مزدور نے اپنی بیوی کے خط کے جواب میں لکھا تھا۔	دوسرا خط مزدور نے جواب میں لکھا تھا۔
جسےوہ بھیج نہ سکا-	جسکو وہ نہیں بھیج  سکا۔
خط میں لکھا تھا۔میں یہاں خیریت سے ہوں تم پریشان کیوں ہوتی ہو۔	 اس میں لکھا تھا کہ میں خیریت سے ہوں پریشان نہ ہو۔
 یاد رکھو خواب کبھی سچ نہیں ہوتے۔	 خواب کبھی سچ نہیں ہوتے ہے ۔
اس نے اپنے خط میں لکھا تھا- میں نےزندگی سے رضا مندی کر لی ہے- 	اس نے اپنے خط میں لکھا تھا کہ میں نےزندگی سے رضا مندی کر لی ہے۔- 
 اب مجھے ساری خوشیاں مل گئی ہیں۔ میں بہت خوش ہوں۔	مجھے ساری خوشیاں مل گئی ہیں اسلیۓ میں خوش ہوں۔
اب تم میرے بارے میں سوچا نہ کرو۔ 	 میرے بارے میں سوچا نہ کرو۔ 
خدا کرے تمہاری زندگی بھی تمہیں خوشیاں دیں۔	خدا کرے تمہیں بھی خوشیاں ملیں۔ 
اس کا خط میں مشکل سے پڑھتا ہوں۔	اس کا خط میں نے مشکل سے پڑھا
 کیونکہ خط کی سیاہی جگہ جگہ سے خراب ہوچکی ہے- 	 کیونکہ خط کی سیاہی خراب ہوئی ہے۔
 میرے چہرے پر مسکراہٹ کی ایک ہلکی سی کرن نمودار ہوتی ہے اور پھر اس کے یاد کے آنسو میرے آنکھوں میں اتے ہے اور خط پر بنے ہوئے باقی حرفوں کو بھی سیاہی بنا دیتے ہیں۔	میرے چہرے پر مسکراہٹ آتی ہے پھر اس کے یاد کے آنسو خط پر گھرنے کی وجہ سے باقی حرفوں کو بھی سیاہی بنا دیتے ہیں۔
 ہوسكتا ہے یہ لکھنے کے لئے کہ میں بھی بہت خوش ہوں، مجھے بھی ساری خوشیاں مل گئی ہیں۔ 	یہ لکھنے کے لئے کہ میں خوش ہوں  کیونکہ مجھے بھی خوشیاں مل گئی ہیں۔ 
مہربانی سے تم میرے بارے میں سوچا نہ کرو۔۔	تم بھی میرے بارے میں سوچا نہ کرو۔
دونوں بھائیوں نے جب ایک دوسرےکے ساتھ مکانات بنائے۔	دونوں بھائیوں نے ساتھ مکانات بنائے۔
تو ایک نے بڑی عمارت کھڑی کردی اور دوسرا بھائی تین کمروں پر مشتمل سادہ سا مکان بڑی مشکلوں سے بنا سکا۔	تو ایک نے بڑی عمارت کھڑی کردی اور دوسرا بھائی سادہ سا مکان بڑی مشکلوں سے بنا سکا۔
ویسے تو دونوں بھائی ایک ہی ادارے میں کلرک کے نوکری پر فائز تھے۔	ویسے تو دونوں بھائی ایک ہی ادارے میں کلرک تھے۔
 فرق صرف ایمانداری کا تھا- 	 دونوں میں فرق ایمانداری کا تھا۔
وہ جس راستے پر چل رہا تھا خود نہیں جانتا تھا کہ وہ سیدھا راستہ ہے یا پھر غلط راستہ - 	وہ جس راستے پر چل رہا تھا وہ نہیں جانتا تھا کہ وہ سیدھا راستہ ہے یا غلط راستہ۔
اسے راستے میں ایک شخص  بھی ملا تھا اس نے یہ کہہ کر اسے اپنے ساتھ لیا تھا کہ تم راستہ بھول گئے ہو۔	اسے راستے میں ایک شخص نے یہ کہہ کر اسے اپنے ساتھ لیا کہ تم راستہ بھول گئے ہو۔
آؤ میں تمہیں راستہ دیکھاؤں-	آؤ میں تمہیں راستہ دیکھاؤں۔
بے چارہ اندھا مسافر کر تا بھی کیا وہ تو اپنے راستے کے نشانات خود نہیں دیکھ سکتا تھا چپ چاپ اس کے پیچھےچلنے لگا -	اندھا مسافر خود نہیں دیکھ سکتا تھا اس کے پیچھےچلنے لگا۔ -
لیکن راستہ چلتے چلتے جب دور تک آ گئے تو پتہ چلا کہ وہ تو غلط راستہ تھا اور جس شخص نے راستہ دکھایا تھا وہ فرشتہ نہیں شیطان تھا وہ ہوش کھو بیٹھا۔	آخر میں  پتہ چلا کہ  راستہ غلط  تھا اور  راستہ دکھانے والا فرشتہ نہیں شیطان تھا، وہ ہوش کھو بیٹھا۔
حیف۔۔!دنیا کےساتھ آخرت بھی تباہ ہو گئی۔	دنیا کےساتھ آخرت بھی تباہ ہو گئی۔
اب وہ افسوس کررہا تھا اے کاش کہ وہ ان پڑھ نہ ہوتا۔	وہ افسوس کر رہا تھا کہ وہ ان پڑھ نہ ہوتا۔
علم کی روشنی ہوتی تو  وہ ان آنکھوں کی روشنی میں اپنی کامیاب زندگی اور آخرت کے لئے سفر کا شروع سیدھے راستے سے کرتا۔ 	علم کی روشنی میں اپنی کامیاب زندگی اور آخرت کے لئے سفر کا شروع سیدھے راستے سے کرتا۔ 
صحیح اور غلط میں فرق کر سکتا-	صحیح اور غلط میں فرق کر سکتا۔-
سفر میں وہ نہ راستہ بھولتا اور نہ ہی کسی کی باتوں میں اتا-	وہ نہ راستہ بھولتا اور نہ ہی کسی کی باتوں میں اتا۔
لیکن اب افسوس کرنے سے کیا حاصل؟	لیکن اب افسوس کرنے سے کیا حاصل ہوگا۔ 
بہت دیر ہو چکی تھی زندگی کا سفر ختم ہو چکا تھا۔	دیر ہو چکی تھی زندگی کا سفر ختم ہو چکا تھا۔
اب تو اسکا آخری وقت آچکا تھا-	 اسکا آخری وقت آچکا تھا۔
اخبار والےنے جب آج کا اخبار دروازے پر ڈالا تو میرا بیٹا اور میرے بوڑھے والد دونوں دوڑ پڑے۔	 جب آج کا اخبار آیا تو میرا بیٹا اور  والد دونوں دوڑ پڑے۔
 مجھے یاد آیا کہ آج بد ھ ہے اخبار میں بچوں کا خصوصی صفحہ "بچپن" چھپتا ہے۔	آج اخبار میں بچوں کا خصوصی صفحہ "بچپن" چھپتا ہے۔
بیٹے نے جلدی سے دوڑ کر اخبار چھین لیااور بچوں کا صفحہ نکالنے لگا۔	بیٹے نے دوڑ کر اخبار چھین لیا اور بچوں کا صفحہ نکالنے لگا۔
بوڑھے والد نے بھی اس صفحہ کو چھیننے کی کوشش کی۔	والد نے بھی اس صفحہ کو چھیننے کی کوشش کی۔
تھوڑی دھیر میں بچوں کا صفحہ پھٹ گیا۔ اور پھر وہ دونوں لڑ پڑے۔	صفحہ پھٹ گیا اوروہ دونوں لڑ پڑے۔
فوزیہ تم آج بھی مجھے پریشان دکھائی دے رہی ہو۔ کہو کیا بات ہے؟	 تم پریشان دکھائی دے رہی ہو۔ کیا بات ہے؟
میرے شوہر میں۔۔ میں آج بھی شاید خواب ہی دیکھ رہی ہوں کہ شہر کے مشہور و معروف دولت مند وکیل نے مجھ غریب اور مجبور لڑکی کو اپنایا۔	مجھے یہ خواب لگ رہا ہےکہ شہر کے مشہور  وکیل نے مجھ غریب سے شادی کی۔
نہیں فوزیہ۔یہ خواب نہیں سچ ہےتم جانتی ہو بیوی کےفوت ہونے کے بعد میں نے دوبارہ شادی نہیں کرنا چاہتا تھا۔	 بیوی کےفوت ہونے کے بعد میں دوبارہ شادی نہیں کرنا چاہتا تھا۔
اس لئے کہ مجھے اپنے بچوں سےبہت زیادہ محبت ہے اور انکو کو پریشان نہیں دیکھنا چاہتا تھا -	میں اپنے بچوں  کو پریشان نہیں دیکھنا چاہتا۔ 
لیکن جب والدین کی ضد کی وجہ سے مجھے مجبور ہونا پڑا اور میں نے تم سے شادی کرنے کا فیصلہ کر لیا۔	 والدین کی ضد کی وجہ سے میں نے تم سے شادی کر لی۔
تم حیران ہو کہ آخر میں نے تمہیں ہی پسند کیوں کیا ہے۔	تم حیران ہو کہ میں نے تمہیں کیوں پسند کیا ہے۔
فوزیہ وجہ یہ ہے کہ میں نے پڑوس میں رہ کر تمہیں بچپن ہی سے اپنی سوتیلی ماں کی وجہ سے دکھ سہتے ہوئے دیکھا ہے۔	فوزیہ میں نے تمہیں بچپن سے اپنی سوتیلی ماں  سے دکھ سہتے ہوئے دیکھا ہے
تم ہمیشہ اداس رہی ہو۔	تم ہمیشہ اداس رہی ہو۔
میں نے سوچا تم نے سوتیلے ہونے کا دکھ سہا ہے تم اس درد کو محسوس کرتی ہو اس لئے ان معصوم بچوں کو وہ دکھ کبھی نہیں دو گی جو تم نے سہے ہیں۔	 تم نے سوتیلے ہونے کا دکھ سہا ہے اس لئے ان  بچوں کو وہ دکھ  نہیں دو گی - 
جب بھی اسے کوئی نماز پڑھنے کے لئے کہتا تو وہ یہی کہتا۔ 	جب بھی اسے کوئی نماز پڑھنے کے لئے کہتا تو وہ یہی کہتا۔ 
ملازمت سے فارغ ہونے دو۔ پھر داڑھی رکھ کر ایک مسجد کا کونا سنبھال لوں گا۔	ملازمت ختم ہونے کے بعد میں مسجد میں بیٹھ جاؤں گا۔
ملازمت سےفارغ ہوا تو اس نے بچوں کے لئے ایک بڑھا مکان بنانے کا ارادہ کیا۔	ملازمت سےفارغ ہوکر اس نےایک بڑا مکان بنانا چاہا۔
تقریباً ایک سال کا عرصہ اپنی مرضی کے گھر  بنانے میں گزر گیا۔	ایک سال گھر بنانے میں گزر گیا۔
آج مکا ن کا آغاز تھا۔	آج اس نےمکا ن میں رہنا  تھا۔
بجلی کی چراغوں سےبڑی عمارت جگمگا رہی تھی۔	چراغوں سے بڑی عمارت جگمگا رہی تھی۔
اس کے قدم شکرانے کی نماز کے لئے مسجد کی  طرف چل پڑے۔ 	وہ شکرانے کی نمازکے لئے مسجد  چل پڑا۔
اس نے فیصلہ کر لیا تھا کہ وہ کل سے اپنا زیادہ تر وقت مسجد میں گزارے گا اورﷲ تعالیٰ کی عبادت کرے گا۔	اس نے فیصلہ کیا  کہ وہ کل سےمسجد میں عبادت کرے گا۔
ابھی وہ مسجد میں داخل ہو رہا تھا کہ اس کی دڑھکن رک گئی اور مسجد کے باہر ہی وہ فوت ہو گیا -	وہ مسجد میں داخل ہو رہا تھا کہ مسجد کے باہر ہی وہ فوت ہو گئا-
گاؤں کے اس غریب کی شادی ہو گئی۔	اس غریب کی شادی ہو گئی
جو دونوں آنکھوں سے اندھا تھا۔	جواندھا تھا۔
لیکن افسوس کہ جس لڑکی سے اس کی شادی ہوئی  وہ بھی اندھی تھی- 	اندھی لڑکی سے اس کی شادی ہوئی
دونوں ایک دوسرےکے لئے بے سہارا تھے-	دونوں ایک دوسرےکے لئے بے سہارا تھے-
لیکن جب میں کچھ سال سال بعد اپنے گاؤں واپس آیا تو دیکھا کہ وہ دونوں اپنے بچہ کے سہارے چل رہے تھے۔	جب میں نےکچھ سال بعد دیکھا کہ وہ دونوں اپنے بچہ کے سہارے چل رہے تھے۔
جس کی آنکھیں پیاری تھیں-	جس کی آنکھیں پیاری تھیں-
بس اپنا توازن کھو چکی تھی ۔	بس اپنا توازن کھو چکی تھی
چالیس مسافر مر چکے تھے۔	چالیس مسافر مر چکے تھے
بس گہرائی میں گرتے ہی مدد کرنے والے وہاں پہنچ گئے۔	بس گرتے ہی مدد کرنے والے وہاں پہنچ گئے
زخمی جسموں سے  بچاؤ بچاؤ کی آوازیں آ رہی تھیں۔	بچاؤ بچاؤ کی آوازیں آ رہی تھیں۔
لیکن مدد کرنے والے انھیں بچانے کی بجائے وہ ان مردہ عورتوں کو اپنے کاندھوں پر لیے اسپتال کی جانب دوڑ رہے تھے جو زیورات سے لدی پھندی تھیں!!	 انھیں بچانے کی بجائے وہ زیورات پہنے ہوئی مردہ عورتوں کو لیے اسپتال کی طرف بھاگ رہے تھے 
تم خاموش کیوں رہتی ہو۔۔۔؟	تم  کیوں خاموش رہتی ہو۔
میں؟ نہیں تو؟ اُس نے بناوٹی ہنسنے کی کوشش کی۔	اُس نے ہنسنے کی کوشش کی۔
 نہیں تم ضرور کچھ تو سوچتی رہتی ہو۔ 	تم ضرور سوچتی رہتی ہو۔
اور تمہارے وہ خیالات تمہیں اداس کردیتے ہیں۔	خیالات تمہیں اداس کردیتے ہیں۔
میرا خیال ہے تم اُسے ابھی تک نہیں بھولیں۔ 	تم اُسے ابھی تک نہیں بھولیں۔
آخر تم اُسے بھول کیوں نہیں جاتیں۔	تم اُسے کیوں نہیں بھول جاتیں۔
یہ سن کر اسکے چہرے پر طنزیہ مسکراہٹ پھیل گئی۔	یہ سن کر وہ طنزیہ مسکرائی۔
کون کس کو بھولتا ہے راکیش؟	کوئی کسی کو نہیں بھولتا ہے راکیش
اُس نے روتے ہوئے کہا۔	اُس نے روتے ہوئے کہا۔
رادھا آج،آج تم نے میرے دل کی بات کہہ دی۔	رادھا آج تم نے میرے دل کی بات کہہ دی۔
میں جب بھی وہاں سے گزرتا نجومی کو ہمیشہ ہی آدمیوں نے گیرا ہوتا۔	 نجومی کو ہمیشہ آدمیوں نے گھیرا ہوتا۔
وہ ہاتھوں میں کھینچی آڑی ترچھی لکیروں کو پڑھ کر لوگوں کو اُن کی قسمت کے فیصلوں سے آگاہ کرتا تھا۔	وہ ہاتھوں کی لکیروں سے لوگوں کو قسمت سےآگاہ کرتا تھا۔
ایک دن میں بھی اس ہجوم میں چلا گیا لیکن میری باری آنے تک بہت رات ہو چکی تھی۔	میں بھی گیا مگر میری باری نہیں آئي۔
وہ ہماری طرف دیکھ کر کہنے لگا۔	اس نے ہمیں دیکھ کر کہا۔
تم لوگوں کی قسمت کے بارے میں میں کل بتاؤں گا کل تم ضرور آنا۔ 	تم لوگوں کی قسمت کا کل بتاؤں گا 
میں تمہیں یہیں ملوں گا۔	میں یہیں ملوں گا۔
دوسرے دن جب ہم وہاں پہنچے تو پتہ چلا کہ دوسروں کی قسمت کی لکیروں کو پڑھنے والا خود اپنی قسمت کی لکیروں نہیں جانتا تھا۔	دوسرے دن پتہ چلا کہ دوسروں کو  قسمت بتانے والا خود اپنی قسمت نہیں جانتا تھا۔
وہ تو آج صبح ہی فوت ہو گیا ہے 	وہ آج فوت ہو گیا
وہ غریبوں کے گاؤں اندرا نگر میں پیدا ہوا تھا۔	وہ گاؤں اندرا نگر میں پیدا ہوا تھا۔
بچپن اسی گاؤں میں گزرا لیکن جب بڑا ہو ا تو خوش قسمتی سے سعودی عرب چلا گیا۔	بچپن اسی گاؤں میں گزرا  لیکن جب بڑا ہو ا تو سعودی عرب چلا گیا۔
دس سال بعد جب و ہ وطن واپس آکر اپنے گاؤں آیا تو اسکے منہ پر سفید رومال تھا اور وہ ماتے پر بل ڈالے اپنے ہی بچپن کے دوستوں  سے ان کا نام پتہ پوچھ رہا تھا۔	جب و ہ وطن واپس اپنے گاؤں ‏آیا تو اپنے بچپن کے دوستوں سےنام پوچھ رہا تھا۔
وہ اردو زبان کا مشہور و نامور محقق ادیب و شاعر تھا۔	وہ اردو زبان کا مشہور شاعر تھا
اس نے اپنی زندگی میں اردو زبان وادب کی ترقی اسکی چھپنے اور اپنی زبان کی اہمیت اور ضرورت پر سینکڑوں مقالے لکھے تھے۔	اس نے اردو زبان کی ترقی ،اہمیت اور ضرورت پر سینکڑوں مقالے لکھے تھے۔
ایک دن اچانک وہ فوت ہو گیا-	 وہ اچانک فوت ہو گیا-
اس کی  اچانک موت کے دو مہینے بعد انکے بیٹوں  نے اپنے والد کی کتابوں کو باہر نکالا۔	 موت کے بعد انکےبیٹوں نے اپنے والد کی کتابوں کو باہرنکالا-  
کتابوں سے کئی الماریاں بھری تھی۔	کتابوں سے الماریاں بھری تھی
 پاس پڑوس کے لوگ کتابوں کی الماریوں کے ارد گرد  ہاتھ باندھے کھڑے تھے اور ان کے بچے کتابوں کو پرانے سامان لینے والے کو دینے کی کی تیاری کر رہے تھے۔	پڑوس کے لوگ کتابوں کی ارد گرد کھڑے تھے اور ان کے بچے کتابوں کو پرانے سامان لینے والے کو دینے کی تیاری کر رہے تھے۔
وہ  کتابیں اب انکے کسی کام کی نہ تھی کیونکہ انکی پوری تعلیم انگلش میڈیم سے ہوئی تھی۔	وہ  کتابیں کام کی نہ تھی کیونکہ انکی تعلیم انگلش میڈیم سے ہوئی تھی۔
میں تمہیں کیسے سمجھاؤں فرح!	میں تمہیں کیسے سمجھاؤں فرح
یہ تو ایک غلط رشتہ ہے-	یہ تو ایک غلط رشتہ ہے
جس سے میری مرضی کی بغیر شادی کر دی گئ۔	جس سے میری شادی مرضی کی بغیر کر دی گئ
میں نے نہ تو کبھی اُسے چاہا اور نہ ہی کبھی چا ہوں گا۔	میں نے  اسےکبھی نہیں چاہا اور نہ ہی کبھی چا ہوں گا- 
یہ سچ ہے کہ میں نے تم سے محبت کی ہے۔	میں نے تم سے محبت کی ہے۔
میرے دل کے  گہرایی میں بس تم ہی تم ہو۔	میرے دل میں بس تم ہو۔
میں ہمیشہ تمہارا ہی رہوں گا۔	میں تمہارا ہی رہوں گا۔
وہ کتنی بد قسمت ہے کہ وہ میری ہو کر بھی میں اسکا نہیں ہو سکوں گا۔	وہ کتنی بد قسمت ہےکہ میں اسکا نہیں ہو سکوں گا۔
وہ زندگی بھرساتھ رہے گی مگر یہ دل کی دوریاں ختم نہ کر سکے گی۔	وہ ساتھ رہے گی مگر یہ دوریاں ختم نہیں ہو سکیں گی۔
فرح محبت جسم سے نہیں دل سے ہوتی ہے اور سچی بات تو یہ ہے۔	فرح محبت دل سے ہوتی ہے ، بات تو یہ ہے
کہ میں نے دوکھا تمہیں نہیں بلکہ اُسے دیا ہے شاید کہ تم سمجھ سکو۔	کہ میں نے دوکھہ تمہیں نہیں اُسے دیا ہے
کانٹا کہہ رہا تھا۔	کانٹا کہہ رہا تھا۔
میں  دیکھنےمیں بہت چھوٹا ہوں لیکن بہت طاقتور ہوں میری عادت میں چبھنا ہے۔	میں بہت چھوٹا ہوں لیکن بہت طاقتور ہوں میری عادت میں چبھنا ہے
 میں کسی بھی چیز کو تکلیف پہنچا کر اُسے مٹا سکتا ہوں۔	 میں کسی بھی چیز کو تکلیف پہنچا کر اُسے مٹا سکتا ہوں۔
یہ پھول۔ یہ شاخ۔ یہ درخت سب میرے نزدیک چھوٹے ہیں۔	پھول شاخ اور درخت سب میرے نزدیک چھوٹے ہیں
 پھر ایک دن اُس نے جس شاخ پروہ پیدا ہوا تھا- 	 پھر ایک دن جس شاخ پروہ پیدا ہوا تھا - 
اُسے ہی چبھ کر تکلیف دینے لگا لیکن اُسے ختم کرنے کی کوشش میں وہ خود ہی زمین پر آرہا۔	اُسے ہی چبھ کر تکلیف دینے لگا لیکن وہ خود ہی زمین پر آرہا۔
 تب اُسے معلوم ہوا کہ درخت تو بڑا مضبوط ہے۔	 اُسے معلوم ہوا کہ درخت تو بڑا مضبوط ہے
وہ شاخ جس پروہ پیدا ہوا تھا- 	وہ شاخ جس پروہ پیدا ہوا تھا- 
اب بھی سر سبز و ہرا بھرا  ہے۔	اب بھی سر سبز ہے۔
 پھول اپنی خوشبو سے ماحول کو روز کی طرح خوشبو دار کر رہے ہیں۔	پھول ماحول کو خوشبو دار کر رہے ہیں۔
وہ جنھیں چھوٹا سمجھتا تھا وہ تو بلند ہیں۔	وہ جنھیں چھوٹا سمجھتا تھا وہ تو بلند ہیں۔
چھوٹا تو وہ خود ہے۔	چھوٹا تو وہ خود ہے
بیوی کے مر جانے کے بعد اُس کے واحد  بیٹے راجیش کا بھی انتقال ہو گیا اور گھر میں صرف وہ اور  اسکی بہو رہ گئی۔	بیوی کے مر جانے کے بعد اُس کے بیٹے راجیش کا بھی انتقال ہو گیا اور گھر میں وہ اور راجیش کی بیوی رہ گئی
چونکہ راجیش کی بیوی  کا بھی کوئی خیال رکھنے والا نہیں تھا۔	چونکہ راجیش کی بیوی کا بھی کوئی نہیں تھا
اس لئے وہ کہیں جانے کی بجائے گھر ہی میں رہنے لگی۔	اس لئے وہ گھرمیں رہنے لگی۔
وقت گزرتا گیا۔	وقت گزرتا گیا۔
دو مہینے بعد دونوں گاؤں چھوڑ کر شہر چلے گئے وہاں شادی کر لی۔	دو مہینے بعد دونوں شہر چلے گئے وہاں شادی کر لی۔
اور پھر  نئے شہر میں وہ دونوں میاں بیوی کے طور پر پکارے جانے لگے۔	وہ دونوں میاں بیوی کی طور پر جاننے لگے
الیکشن سے پہلے۔	الیکشن سے پہلے
کیا تم نےغریبوں کی مدد کے لئے سارا انتظام کر لیا ہے؟	کیا تم نےغریبوں کی مدد کے لئے سارا انتظام کر لیا ہے؟
جی سر	جی سر
جاؤ انھیں ہمارے اسٹیج کے سامنے بٹھاؤ۔	جاؤ انھیں اسٹیج کے سامنے بٹھاؤ۔
اور ان کا ہر طرح سے خیال رکھنا۔ وہ ہمارے سارے ووٹ  ہے۔	اور ان کا ہر طرح سے خیال رکھنا کیونکہ ہمارے سارے ووٹ انسے ہے۔
الیکشن کے بعد	الیکشن کے بعد
کیا پروگرام کی ساری تیاریاں ہو چکی ہیں؟	کیا پروگرام کی تیاریاں ہو چکی ہیں؟
جی سر۔	جی سر۔
 میرے پروگرام میں کم از کم آٹھ دس ہزار سُننے والے ہونے چاہئے۔	 میرے پروگرام میں آٹھ دس ہزار لوگ ہونے چاہئے۔
 ہم پوری کوشش کر رہے ہیں سر۔	  سر ہم کوشش کر رہے ہیں۔
 لیکن خیال رہے اسٹیج کے سامنے سبھی امیر لوگوں کو بٹھانا اور غریب لوگوں کو نعرے لگانے اور تالیاں بجانے کے لئے پیچھے کھڑے کر دینا۔	 لیکن اسٹیج کے سامنے سب امیر لوگوں کو بٹھانا - غریب لوگوں کو پیچھے کھڑے کر دینا
جی سر 	جی سر 
تم یہاں کیوں آتی ہو؟	تم کیوں یہاں آتی ہو؟
تم سے ملنے	تم سے ملنے آتی ہوں-
لیکن ہردن  آنے کی وجہ؟	لیکن آنے کی وجہ کیا ہے- 
میں نہیں جانتی۔ لیکن اتنا ضرور ہے کہ آپ سے ملنے کے بعد ہی میرے دل کو سکون آتا ہے۔	 آپ سے ملنے کے بعد ہی میرے دل کو سکون آتا ہے۔
سنو۔ یہ پاگلوں کی طرح باتیں نہ کرو میں نے محبت سے توبہ کر لی ہے ۔	پاگلوں کی طرح باتیں نہ کرو میں نے محبت سے توبہ کر لی ہے 
ویسے بھی میرے دل میں بہت غم پل رہے ہیں۔ میرا دل زخموں سے بھرا ہے۔	ویسے بھی میرے دل میں بہت غم ہے-
میں جانتی ہوں اسی لئے اُن غموں کو کم کرنے کے لئے کہہ رہی ہوں۔	میں اس لئے اُن غموں کو کم کرنے کے لئے کہہ رہی ہوں۔
ایک زخم اور سہی	ایک غم اور سہی-
میں اس راستے پر چلنے لگا جس راستے پر تم مجھے ہمیشہ ملتی تھی- 	میں اس راستے پر چلنے لگا جس پر تم مجھے ہمیشہ ملتی تھی- 
لیکن اس بار جب تم مجھے نہیں ملیں تو میں پریشان ہو گیا اور پھر مایوس ہو کر اس راستے پر نکل پڑا جسے نہ تم پسند کرتی تھیں اور نہ ہی میں۔	لیکن اس بار جب تم مجھے نہیں ملیں تو میں اس راستے پر نکل گیا جسے نہ تم پسند کرتی تھیں اور نہ ہی میں۔
لیکن اسی راستے پر تم مجھے اچانک مل گئیں۔	لیکن اسی راستے پر تم مجھے مل گئیں
جنازہ کے پیچھے پیچھے جانے والے لوگ حیران تھے کہ بیوی کے فوت ہو جانے پر بھی رویا نہیں۔	جنازہ میں جانے والے لوگوں کو حیران تھے کہ بیوی کے فوت ہو نے پر بھی رویا نہیں-
لوگوں میں کسی نے کہا ہو سکتا ہے اس واقعہ پر اُسےغم ہی نہ ہو۔	ہو سکتا ہے اس واقعہ پر اُسے کوئی غم ہی نہ ہوا ہو
لیکن ہو سکتا ہے کہ لوگوں کواسکی خبر نہ ہو-	ہو سکتا ہے لوگوں کوخبر نہ ہو-
کہ اُسے غم چھپانے کا ہنر بھی آتا ہے۔	کہ اُسے غم چھپانا بھی آتا ہے۔
دوسرے دن وہ تنہا ،خاموش رہنے لگا۔	 وہ تنہا خاموش رہنے لگا۔
روزانہ صبح اٹھ کر قبرستان جاتا، اس کا عادت بن گئی اور پھر چار مہینے بعد یہ خبر بھی حیرت میں ڈوبے لوگوں کو سنا دی گئی۔	روزانہ قبرستان جاتا، پھر چار مہینے بعد یہ خبر بھی سنا دی گئی
کہ بیوی کی موت پر  نہ رونے والا دل کی دڑھکن بند ہو جانے پر  اس دنیا سے چلا گیا ہے۔ 	کہ بیوی کی موت پر نہ رونے والا بھی فوت ہو گیا تھا۔
میں نے سنا ہے- آج خالی سیٹوں کے لئے آپ نے امیدواروں کا انٹر ویو لیا ہے۔	میں نے سنا ہے کہ آج خالی سیٹوں کے لئے آپ نے امیدواروں کا انٹر ویو لیا ہے۔
جی ہاں۔	جی ہاں۔
 تو کیا امیدواروں کا سلیکشن ہو گیا۔؟	تو کیا سلیکشن ہو گیی ہیں؟
جی نہیں۔ یہ تو رسمن ہے۔	جی نہیں۔ یہ تو رسمیت ہے
 قانون کے دائرے میں رہنے کے لئے امیدواروں کا انٹر ویو لینا ہی پڑتا ہے۔ 	 قانون میں رہنے کے لئے امیدواروں کا انٹر ویو لینا ہی پڑتا ہے۔ 
اصل انٹرو یو تو والدین کا ہوتا ہے۔	اصل انٹرو یو تو والدین کا ہوتا ہے
اور وہ ابھی ہونا باقی ہے۔	اور وہ ہونا باقی ہے
آج صبح ہی پولس آئی اور انکوائری کر کے سڑک کے کنارے پتلے کپڑے میں لپٹے چھوٹا سہ بچہ (جس کو پیدا ہوئے وقت نہیں ہوا ) کو پولس اسٹیشن لے جا کر انسپکٹر کے سامنے حاضر کر دیا۔	پولس سڑک کے کنارے چھوٹا سہ بچے(جس کو پیدا ہوئے وقت نہیں ہوا ) کو پولس اسٹیشن لے جا کر انسپکٹر کے سامنے حاضر کر دیا۔
 صاحب یہ بچہ سڑک کے کنارے پڑا ملا ہے۔	صاحب یہ بچہ ملا ہے۔
آس پاس سےپوچھا ہے؟	آس پاس سےپوچھا ہے؟
 یس سر یہ بچہ دیپا نام کی لڑکی کا ہے۔	یس سریہ بچہ دیپا کا ہے۔
بچے کے سینے پر سفید داغ ہے اور  بس۔بس۔خاموش ہو جاؤ تم جا سکتے ہو۔	بچے کے سینے پر سفید داغ ہے -  خاموش ہو جاؤ
انسپکٹر کا سر چکرا گیا۔ وہ کسی پاگل کی طرح ادھر ادھر دیکھنے لگا۔	انسپکٹر کا سر چکرا گیا اور وہ کسی پاگل کی طرح ادھر ادھر دیکھنے لگا۔
 اور پھر ایک لمحہ بعد سمبھل کر وہ شرٹ کا بٹن لگا رہا تھا تا کہ کوئی اسکے سینے کا سفید داغ نہ دیکھ لے۔ 	پھر وہ شرٹ کا بٹن بند کررہا تھا تا کہ کوئی اسکے سینے کا سفید داغ نہ دیکھ لے۔
معصوم بچہ جب ٹھنڈی روٹی کھا کر کھیل رہا تھا تو ماں کہتی بیٹا زیادہ کھیلوں نہیں ورنہ تجھے بھوک لگ جائے گی۔	 بچہ جب ٹھنڈی روٹی کھا کر کھیل رہا تھا تو ماں کہتی کھیلوں نہیں تجھے بھوک لگ جائے گی 
تو میں پھر روٹی کہاں سے لاؤں گی۔	پھر میں کہاں سے روٹی لاؤں گی۔
لیکن آج بچہ کا چہرہ خوشی سے کھلا ہو ا تھا وہ پیٹ بھر کھانا کھا کر خوب کیھل رہا تھا۔	لیکن آج بچہ خوش تھا وہ کھانا کھا کر خوب کیھل رہا تھا۔
ماں بھی اسے منا کرنے کےبجائے اس کی شرارتوں پر ہنس رہی تھی۔ 	ماں بھی اسے منا کرنے کے بجائے ہنس رہی تھی۔ 
بچہ اپنی ماں کو خوش دیکھ کر کہنے لگا۔	بچہ اپنی ماں کوکہنے لگا۔
ماں تو سچ کہتی تھی کہ سارے دن ایک جیسے نہیں رہتے۔ 	ماں تو سچ کہتی تھی کہ سارے دن ایک جیسے نہیں رہتے۔ 
ماں جب سے زلزلہ آیا ہے ہمارےمشکل دن ختم ہو گئے اب تو ہر ٹینٹ میں کھانا ملتا ہےاورمیں پورے دن کھاتا رہتا ہوں-	ماں جب سے زلزلہ آیا ہے ہمارے مشکل دن ختم ہو گئےاب تو ہر ٹینٹ میں کھانا ملتا ہے
وہ اب زندگی نہیں گزارنہ چاہتا تھا۔	وہ اب زندگی نہیں چاہتا تھا-
زندگی کی مشکلات حل کرتے کرتے وہ پریشان ہو چکا تھا۔	مشکلات حل کرتے کرتے وہ پریشان ہو چکا تھا 
اس لئے اپنی پریشانی سے بھری ہوی  زندگی  کو ختم کرنے کے لئے اس نے خودکشی کر لی۔  	اس لئےاس نے خودکشی کر لی۔ 
جیسے ہی اس نے اپنے آپ کو کنویں میں چھلانگ لگائی لوگ دوڑ پڑے اوراسے زندہ ٹھیک نکالنے میں کامیاب ہو گئے۔  	اس نےکنویں میں چھلانگ لگائی لوگ اسے زندہ نکالنے میں کامیاب ہو گئے۔
لیکن وہ زندہ رہ جانے پرافسوس کررہا تھا۔	لیکن وہ افسوس کررہا تھا۔
اسے ان لوگوں پر غصہ آ رہا تھا جنھوں نے اسے بچا یا تھا۔	اسے لوگوں پر غصہ آ رہا تھا -
لیکن لوگوں نے اسے زندگی سے پیار کرنا سکھایا زندگی سے مقابلہ کرنے اور طریقے سے جینے کا حوصلہ دیا۔ 	لیکن لوگوں نے اسے زندگی سے مقابلہ کرنے کا حوصلہ دیا۔
دوسرے دن سے وہ نئے حوصلے اور نئے ہمت کے ساتھ زندگی گزارنے لگا اسے زندگی سے پیار ہو گیا تھا۔ 	دوسرے دن سے وہ نئے حوصلے کے ساتھ زندگی گزارنے لگا اسے زندگی سے پیار ہو گیا تھا
اب وہ مرنا نہیں چاہتا تھا۔	اب وہ مرنا نہیں چاہتا تھا۔
لیکن کچھ دن بعد اسے ٹھوکر لگی وہ نیچے گرا اور وہ فوت ہو گیا-	لیکن کچھ دن بعد  ٹھوکر لگنے کی وجہ سے وہ فوت ہو گیا-
صبح سے ہی گھر کے سامنےٹینٹ لگا دیا گیا تھا۔	صبح سے ہی ٹینٹ لگا دیا گیا تھا
گھر میں بہت رونق تھی۔	گھر میں رونق تھی
آج شام اُسی بیٹے نے اپنے مرے ہوئے باپ کوثواب پہنچانےکے لئےبہت زیادہ لوگوں کو کھانے کی دعوت پر بلایا تھا۔	اُسی بیٹے نے اپنے مرے ہوئے باپ کوثواب پہنچانےکے لئے لوگوں کو کھانے پر بلایا تھا
جس نے مرے ہوئے کو اپنی زندگی میں ہر  وقت کے کھانے کے لئے ترسایا تھا۔ 	جس نے باپ کو ہر  وقت کے کھانے کے لئے تر سایا تھا۔
ہسپتال میں ایک مریض اپنے ساتھی سے کہہ رہا تھا۔ 	ایک مریض اپنے ساتھی سے کہہ رہا تھا۔ 
میں جب سے اس ہسپتال میں داخل ہو ا ہوں۔	میں جب سے داخل ہو ا ہوں،
دیکھ رہا ہوں یہ ڈاکٹر صاحب اگرچہ رات میں ڈیوٹی پر نہیں ہوتے ہیں۔ 	 یہ ڈاکٹر رات میں ڈیوٹی پر نہیں ہوتے ہیں۔
لیکن کبھی کبھی مریضوں کی طبیعت پوچھنے کے لئے چکر, دورے پر آ جاتے ہیں۔ 	لیکن کبھی کبھی مریضوں کی طبیعت پوچھنے آجاتے ہیں۔ 
یہ بیچارے بڑے ذمہ دار اور نیک دل انسان ہیں۔	یہ ذمہ دار اور نیک دل انسان ہیں۔
انہیں مریضوں سے بڑی ہمدردی ہے۔	انہیں مریضوں سے بڑی ہمدردی ہے۔
ورنہ رات میں مریضوں کی فکر کو ن کرتا ہے۔	ورنہ رات میں مریضوں کی کو ن فکر کرتا ہے-
پھر وہ نرس سے پوچھنے لگا۔	وہ نرس سے پوچھنے لگا۔
کیا ڈاکٹر صاحب کا یہی روز کا کام ہے؟	کیا ڈاکٹر صاحب روز  آتے ہے؟
نرس نے لاپرواہی سے جواب دیا۔	نرس نےجواب دیا
جی نہیں ڈاکٹر صاحب ہسپتال میں تھوڑے وقت کے لئے ضرور آتے ہیں، لیکن۔۔ 	جی نہیں ڈاکٹر صاحب تھوڑے وقت کے لئے آتے ہیں، لیکن۔۔ 
لیکن کیا۔؟	لیکن کیا۔
نرس نے آنکھوں سے اشارہ کرتے ہوئے کہا۔	نرس نے اشارہ کرتے ہوئے کہا۔
لیکن ان راتوں میں جب یہ ڈاکٹر صاحبہ نوکری, کام پرہوتی ہیں۔	لیکن جب یہ ڈاکٹر صاحبہ نوکری پر ہوتی ہیں۔
 راہ پر رکھے لمپ نے کہا۔	 راہ پر رکھے لمپ نے کہا
میں بھٹکے ہوئے مسافروں کو راستہ دکھاتا ہوں میں سب سے بڑا ہوں۔	 میں سب سے بڑا ہوں کیونکہ میں بھٹکے ہوئے مسافروں کو راستہ دکھاتا ہوں۔
لوگوں کے گرو ہ میں رکھے چراغ نے کہا۔۔	لوگوں  میں رکھے چراغ نے کہا۔۔
لوگ میری روشنی میں بیٹھ کر اچھی اور نیک باتیں کرتے ہیں	لوگ میری روشنی میں بیٹھ کر اچھی باتیں کرتے ہیں
لوگ ایک دوسرے کو نیک راستے پر چلنے کی نصیحت کرتے ہے 	لوگ ایک دوسرے کو نیک راستے پر چلنے کی نصیحت کرتے ہے 
میں نہ رہوں تو یہ نیک کام نہ ہو پائے اس لئے میں بڑا ہوں۔	میں نہ رہوں تو نیک کام نہ ہو پائے اس لئے میں بڑا ہوں۔
مندر میں رکھے چراغ نے کہا۔	مندر(ہندوں کی عبادت  کرنے کی جگہ)  میں رکھے چراغ نے کہا۔
میں تو مندر میں رہتا ہوں اور بھگوان کو روشنی میں میں نے ہی رکھا ہے۔	میں تو بھگوان(ہندوں کا خدا) کو روشنی میں میں نے ہی رکھا ہے
ورنہ وہ تو کب کا اندھیروں میں ڈوب جاتا اس لئے میں تم سب سے بڑا ہوں۔	ورنہ وہ تواندھیروں میں ڈوب جاتا اس لئے میں تم سب سے بڑا ہوں۔
اتنے میں ایک ہلکا سا ہوا کا جھونکا آیا اور تینوں چراغوں کو بجھا کر چلا گیا۔	اتنے میں ہوا کا جھونکا آیا اور تینوں چراغوں کو بجھا کر چلا گیا۔
سفر میں وہ جیسے ہی رخ بدل کر بیٹھ گئی۔	وہ جیسے ہی روخ بدل کر بیٹھ گئی
میرے چہرے پر غصّہ کےاثرات آئے اور میں خاموش ہوگیا۔	مجھے غصّہ آیا اور میں خاموش ہوگیا۔
اور پھر دیر رات وہ رخ بدلنے پر افسوس کیا میں خاموش ہو جانے پر افسوس کیا۔	اور پھر اسنے روخ بدلنے پر افسوس کیا میں خاموش ہونے پر افسوس کیا۔
لیکن۔۔۔۔ صبح ہوتے ہوتے خاموشی کا سلسلہ ٹوٹا۔	 خاموشی کا سلسلہ ٹوٹا۔
اور ہنسی بلند ہونے لگی۔	ہنسی بلند ہونے لگے۔
اسی دوران مجھے احساس ہوا کہ میں پہلے سے زیادہ اُس سے محبت کرنے لگا ہوں۔	مجھے احساس ہوا کہ میں پہلے سے زیادہ اُس سے محبت کرنے لگا ہوں-
وہ بے حد غریب سات چھوٹے چھوٹے بچوں کا باپ تھا۔	وہ بے حد غریب چھوٹے چھوٹے بچوں کا باپ تھا
ہمیشہ دو وقت کی کھانے کے لئےکوشیش کرتا رہتا تھا ۔	ہمیشہ دو وقت کی کھانے کے لئے کوشیش کرتا رہتا تھا
لیکن اُسے ذہنی سکون تھا۔	لیکن اُسے ذہنی سکون تھا۔
وقت بدل گیا۔	وقت بدل گیا۔
اسکی غربت کے دن ختم ہوئے بچّے بڑھے ہو گئے۔	اسکی غربت کے دن ختم ہوئے، بچّے بڑھے ہو گئے
لیکن اب وہ ذہنی طور سے پریشان ہے کیونکہ اسکی زندگی کا سکون اسکےغیر ذمدار اور آوارہ بیٹوں نے لے لیا ہے ۔	لیکن اب پریشان ہے کیونکہ اس کا سکون اسکےغیر ذمدار بیٹوں نے لے لیا ہے 
ایک اسٹیشن پر وہ بس میں سوار ہوا تو دیکھا تمام سیٹیں پُر تھیں۔	وہ بس میں سوار ہوا تو دیکھا تمام سیٹیں پُر تھیں
صرف ایک خاتون کے ساتھ والی سیٹ خالی تھی۔	صرف ایک خاتون کے ساتھ والی سیٹ خالی تھی
وہ وہاں بیٹھنا ہی چاہ رہا تھا۔	وہ وہاں بیٹھنا ہی چاہ رہا تھا 
کہ خاتون نے کہا۔	کہ خاتون نے کہا۔
میں آپ کو یہاں بیٹھنے نہیں دوں گی۔	میں آپ کو یہاں نہیں بیٹھنے دوں گی۔
میرے ساتھ خاتون ہی بیٹھے گی۔	میرے ساتھ خاتون ہی بیٹھے گی۔
ایک آواز آئی۔۔۔اگر ایسا ہی تھا تواپنی سیٹ بک کر وا لیتی۔	ایک آواز آئی کہ اپنی سیٹ بک کر وا لیتی۔
کسی دوسرے نے کہا۔جب اپنے ساتھ خاتون ہی بیٹھانا ضروری ہے۔ 	کسی دوسرے نے کہا کہ جب خاتون ہی بیٹھانا ضروری ہے 
تو سفرمیں اپنے ساتھ ایک خاتون رکھتی۔	اپنے ساتھ ایک خاتون رکھتی۔
ابھی یہ باتیں ہو ہی رہی تھیں۔	یہ باتیں ہو ہی رہی تھیں
کہ ایک خاتون جو پچھلی سیٹ پر بیٹھی تھی بول پڑی۔	ایک خاتون بول پڑی -
یہاں خالی جگہ تو نہیں ہے۔	یہاں جگہ تو نہیں ہے
لیکن پھر بھی آپ میرے ساتھ آ جائیے میں جگہ بنا لونگی-	لیکن پھر بھی آپ آ جائیے میں جگہ بنا لونگی
وہ بہت غریب تھا۔	وہ بہت غریب تھا
لیکن ایک دن اس کی قسمت کا ستارہ چمکا اور اسے لاٹری مل گئی۔	لیکن ایک دن اسے لاٹری مل گئی
دو لاکھ روپیہ ہاتھ آیا۔	دو لاکھ روپیہ ہاتھ آیا
تو اس نے اپنے اور گھر کے لوگوں کے بارے میں سوچنا شروع کیا -	تو اس نے اپنے اور گھر کے بارے میں سوچنا شروع کیا -
  ہزاروں خواہشیں پیدا ہوی اور پھر ان خواہشوں کےدرمیان اسے احساس ہوا کہ وہ تو اب پہلے سے بھی زیادہ غریب ہوگیا ہے ۔	  ہزاروں خواہشیں پیدا ہوی، پھر اسے احساس ہوا کہ وہ تو پہلے سے زیادہ غریب ہوگیا ہے  
وہ اپنی ڈاڑھی میں ہاتھ پھیرتے ہوئے کہہ رہا تھا۔	وہ کہہ رہا تھا۔
میں جانتا ہوں اسلم ساجد تمہارا اچھا دوست ہے۔	اسلم ساجد تمہارا اچھا دوست ہے
لیکن وہ مجھے بلکل نہیں اچھا لگتا۔	لیکن وہ مجھے اچھا نہیں لگتا -
وہ نہایت بد تمیز، جھوٹا، اپنا فائدہ دیکھنے والا اور دوکھے باز ہے۔	وہ نہایت بد تمیز ہے 
ہمیشہ دوسروں کی برائیاں کرتا ہے۔	ہمیشہ دوسروں کی برائیاں کرتا ہے
کیا وہ نہیں جانتا کہ کسی کی غیرموجودگی میں اسکی برائیاں بیان کرنا اپنے بھائی کا کچا گوشت کھانے کے برابرہے۔	کیا وہ نہیں جانتا کہ کسی کی برائیاں بیان کرنا اپنے بھائی کا کچا گوشت کھانے کے برابرہے
مجھے دیکھو میں تو کبھی کسی کی برائی نہیں کرتا۔	میں تو کبھی کسی کی برائی نہیں کرتا۔
 کچھ ہی وقت میں آپ کا کاروبار کافی بڑھ گیا ہے۔	آپ کا کاروبار کافی بڑھ گیا ہے
جی ہاں! یہ اﷲ تعالیٰ کی مہربانی اورآپ کی دعاؤں کا نتیجہ ہے۔ 	یہ اﷲ تعالیٰ کا فضل اور آپ کی دعاؤں کا نتیجہ ہے۔
لیکن اب آپ کو حج بیت اﷲ کے لئے چلے جانا چائیے۔	لیکن اب آپ کو حج بیت اﷲ(الله کے گھر) پر چلے جانا چائیے۔
بات یہ ہے کہ میرے کاروبار میں مجھے ہر وقت جھوٹ بولنا پڑتا ہے۔	بات یہ ہے کہ کاروبار میں مجھے ہر وقت جھوٹ بولنا پڑتا ہے۔
حج سے واپسی کے بعد میں جھوٹ نہیں بول سکوں گا اور میرا کاروباربند ہو جائے گا۔	حج کے بعد میں جھوٹ نہیں بول سکوں گا اور پھر میرا کاروبار بند ہو جائے گا۔
اس لئے میں تھوڑا وقت چاہتا ہوں۔	 میں تھوڑا وقت چاہتا ہوں۔
وہ اجنبی مجھے ٹرین میں ملا تھا۔ 	وہ اجنبی مجھے ٹرین میں ملا تھا۔ 
بات چیت کا آغاز اسی نے کیا تھا۔	بات کا آغاز اسی نے کیا تھا۔
تھوڑی دیر بات چیت کے بعد وہ میری سیٹھ پر آگیا۔	تھوڑی دیر بعد وہ میری  سیٹھ پر آگیا۔
اور رازدارانہ لہجہ میں کہنے لگا۔	اور آہستہ سےکہنے لگا۔
تم تم بہت خوبصورت ہو۔	تم بہت خوبصورت ہو۔
تم آگ اورپانی کا ملاپ ہو۔	تم آگ اورپانی کا ملاپ ہو۔
تم گل ِلالہ کی ہم شکل ہو	تم گل ِلالہ کا ہم شکل ہو
تم خوبصورتی کی مثال ہو ۔	تم خوبصورتی کی مثال ہو  
سنو میں سچ کہہ رہا ہوں!	 میں سچ کہہ رہا ہوں
میں نے اسے اسکی سیٹھ پر بٹھا دیا اور کہا۔۔	میں نے اسے بٹھا دیا اور کہا۔۔
اس سے بھی زیادہ سچ یہ ہے۔	زیادہ سچ یہ ہے
کہ جیسے ہی تمھارا اسٹیشن آئے گا۔	 جیسے ہی تمھارا اسٹیشن آئے گا
تم چپ چاپ اپنا سوٹ کیس لئے مجھے اکیلی چھوڑ کر ٹرین سے اتر جاؤ گے۔ 	تم مجھے اکیلی چھوڑ کر ٹرین سے اتر جاؤ گے۔
اور بہت سا رے لوگوں میں گم ہو جاؤ گے۔	اور  لوگوں میں گم ہو جاؤ گے۔
سنو میں سچ کہہ رہی ہوں نا۔	میں سچ کہہ رہی ہوں نا
وہ اداس ہو کر اپنے شوہر سے کہہ رہی تھی۔	وہ اپنے شوہر سے کہہ رہی تھی
پتہ نہیں ہمیں آخر کس کیے کی سزا مل رہی ہے۔	پتہ نہیں ہمیں کیوں سزا مل رہی ہے
آج ہم اپنے بیٹے سلیم اور بیٹے کی بیوی کے لئے بوجھ بن چکے ہیں۔	آج ہم اپنے بیٹے سلیم اور بیٹے کی بیوی کے لئے بوجھ بن چکے ہیں-
وہ ہمیں کمتر نظروں سے دیکھتے ہیں۔	وہ ہمیں کمتر نظروں سے دیکھتے ہیں
لمحہ لمحہ زندگی اُن کے احسانوں کی نظر ہو گئی ہے۔	ہر لمحہ زندگی اُن کے احسانوں کی نظر ہو گئی ہے
جی چاہتا ہے زمین پھٹ جائے اور ہم اندر جائیں آخر پڑوس میں اُس کا دوست رحمن بھی تو ہے۔	آخر پڑوس میں اُس کا دوست رحمن بھی تو ہے
اپنے والدین کو کتنا خوش رکھتا ہے۔	اپنے والدین کو کتنا خوش رکھتا ہے۔
اسکی بیوی اُن کی ہر خواہش کو پورا کرنا اپنی ذمداری سمجھتی ہے۔ 	اسکی بیوی اُن کی ہر خواہش کو پورا کرتی ہے۔ 
مجھے تو رحمن کی آدابِ فرز ندگی پر فخر ہوتا ہے۔	مجھے تو رحمن کی آدابِ پر فخر ہوتا ہے۔
کاش ہمارا بیٹا بھی رحمن کی طرح ہوتا۔	کاش ہمارا بیٹا بھی رحمن کی طرح ہوتا۔
بیگم شاید ہماری قسمت ہی ایسی ہے۔	بیگم شاید ہماری قسمت ہی ایسی ہے
کاش میں بھی کسی اچھے سرکاری محکمہ میں نوکری کرتا اور  فارغ  ہونے کے بعد ہمیں پینشن کے طور پر ہر مہینے  بڑی رقم ملتی تو شاید رحمن کی طرح سلیم بھی ہمیں خوش رکھتا۔  	کاش میں بھی سرکاری محکمہ میں نوکری کرتا اور ہمیں ہر مہینے  بڑی رقم ملتی تو شاید سلیم بھی ہمیں خوش رکھتا۔   
پچیس سال پہلے وہ گاؤں سے شہر آیا تھا۔	 وہ گاؤں سے شہر آیا تھا
یہاں اُس نے دوکھا سے خوب دولت جمع کی پھر اُس نے اپنے گاؤں واپس جانے کا یہ سوچ کر فیصلہ کر لیا۔ 	یہاں اُس نے دوکھے سے خوب دولت جمع کی،  پھر اُس نے اپنے گاؤں واپس جانے کا یہ سوچ کر فیصلہ کر لیا 
کہ وہاں وہ اونچی عمارت بنا کے آرام و سہولیات  کی زندگی گزارے گا۔	کہ وہاں اونچی عمارت بنا کے آرام  کی زندگی گزارے گا۔
وہ گاؤں کا سب سے بڑا آدمی کہلائے گا۔	وہ گاؤں کا سب سے بڑا آدمی کہلائے گا۔
گاؤں کے لوگ اُسکی عزت کریں گے۔	گاؤں کے لوگ اُسکی عزت کریں گے۔
گاؤں واپس آیا تو اسکے ساتھ دوکھہ, چالاکی اور بے ایمانی جیسی برائیاں بھی آیئں۔	گاؤں واپس آیا تو اسکے ساتھ دوکھہ ، بے ایمانی جیسی برائیاں بھی آیئں-
لیکن وہاں اُس نے جب لوگوں کے پاس ایمانداری، سچائی، اصول پسندی، وعدہ کا پاس رکھنے والے، وفاداری اور ذمداری جیسی قیمتی دولت دیکھی۔	وہاں اُس نے جب لوگوں کے پاس ایمانداری، سچائی جیسی دولت دیکھی
تودوکھے سے کمائی ہوئی دولت کے باوجود وہ اپنے آپ کو آئینے جیسے صاف ستھرا اور اچھا دل رکھنے والے لوگوں کے درمیان چھوٹا محسوس کرنے لگا۔	تو دولت کے باوجود وہ اپنے آپ کو اچھا دل رکھنے والے لوگوں کے درمیان چھوٹا محسوس کرنے لگا۔
اسکول میں بچوں کے داخلے نہیں ہو رہے تھے۔	اسکول میں بچوں کے داخلے نہیں ہو رہے تھے
اس لئے اسکول کے اساتذہ بچوں کا داخلہ کروانے آس پاس کے علاقوں میں نکل پڑے۔	اس لئےاساتذہ بچوں کا داخلہ کروانے نکل پڑے۔
والدین و سرپرست حضرات سے اپنے بچوں کو قومی زبان میں تعلیم دلوانے کی پیش کش کرنے لگے۔	والدین  سے اپنے بچوں کو قومی زبان میں تعلیم دلوانے کی پیش کش کرنے لگے
اس دوران میں انھوں نے  مختلف وجوہات بھی پیش کیں۔	 انھوں نے مختلف وجوہات بھی پیش کیں۔
اس کےعلاوہ اپنی اسکول کی تعریف میں زمین آسمان ایک کردیئے۔	اس کےعلاوہ اپنی اسکول کی تعریف کردیئے۔
والدین اُن کی باتیں غور سے سنتے رہے پھر ایک بچہ کے باپ نےاُن سے پوچھا۔	 ایک بچہ کے باپ نے اُن سے پوچھا۔
اساتذہ صاحبان۔۔ ابھی آپ نے باتوں باتوں میں اپنی اسکول کو شہر کا سب سے اچھا  اسکول قرار دیا۔	اساتذہ صاحبان۔۔ ابھی آپ نے اپنی اسکول کو شہر کا سب سے اچھا  اسکول قرار دیا
اس لئے ضرور آپ سب کے بچّے بھی آپ ہی کے اسکول میں تعلیم حاصل کر رہے ہوں گے۔	اس لئے ضرور آپ کے بچّے بھی آپ کے اسکول میں تعلیم حاصل کر رہے ہوں گے۔
تمام اساتذہ خاموش تھے اور اُن کے سر شرمندگی کے وزن سے جھکے ہوئے تھے۔	تمام اساتذہ  کے سر شرمندگی سے جھکے ہوئے تھے
کیونکہ اُن سب کے بچے قومی زبان میں تعلیم حاصل کرنے کی بجائے انگلش میڈیم اسکولوں میں تعلیم حاصل کر رہے تھے۔!!	کیونکہ اُن سب کے بچے انگلش میڈیم اسکولوں میں تعلیم حاصل کر رہے تھے۔!!
وہ شاپنگ کر کے جب اپنے گھرآئی۔	وہ شاپنگ کر کے گھر آئی 
تو بہت اداس تھی ۔	تو بہت اداس تھی
سامان رکھ کر وہ فوراً ڈریسنگ ٹیبل کے پاس آئی اور اپنے آپ کودیکھا۔	وہ فوراً ڈریسنگ ٹیبل کے پاس آئی
میک ا پ دوبارہ کیا۔	میک ا پ دوبارہ کیا۔
بالوں کو دوبارہ بنایا۔	بال دوبارہ بنایے۔
آج اُسے اس بات کا بے حد افسوس تھا۔	آج اُسے اس بات کا افسوس تھا
کہ پہلی بار کسی نوجوان نے اسکی کوئی تعریف نہیں کی تھی-	کہ پہلی بار کسی نے اسکی تعریف نہیں کی-
مالک بہت خوش تھا۔	مالک بہت خوش تھا
کہ اُسے کم تنخواہ پر ایک فرمانبردار فل ٹائم کار ڈرائیور مل گیا تھا۔	کہ اُسے کم تنخواہ پر ایک فرمانبردار ڈرائیور مل گیا تھا۔
مالک کی بیوی بھی بہت خوش تھی۔	مالک کی بیوی بھی خوش تھی
کہ ڈرائیور ایک خوبصورت نوجوان تھا۔	کہ ڈرائیور ایک خوبصورت نوجوان تھا
جو مالک کو آفس  چھوڑنے کے بعد سارا وقت بنگلہ پر ہی گزارتا تھا۔	جو مالک کو آفس  چھوڑنے کے بعد بنگلہ پر ہی رہتا تھا۔
مالک کی طرف سے ملنے والی تنخواہ تو ڈرائیور کی اپنے  جیب خرچ کے لئے کافی نہیں ہوتی تھی۔	مالک سے ملنے والی تنخواہ تو ڈرائیور کے لئے کافی نہیں ہوتی تھی۔
اسکے گھر کا خرچ تو مالک کی بیوی ہی پورا کرتی تھی۔	اسکے گھر کا خرچ تو مالک کی بیوی پورا کرتی تھی
اس لئے ڈرائیور کی بیوی سب سے زیادہ خوش تھی۔	اس لئے ڈرائیور کی بیوی زیادہ خوش تھی
کہ اسکی مہربانیوں کی وجہ سےاسکا گھر اچھا چل رہا تھا-	کہ اسکی مہربانیوں کی وجہ سے اسکا گھر چل رہا تھا-
وہ روزانہ ہی فٹ پاتھ پر تاش کے پتوں کو پھیلائے بیٹھتا تھا۔	وہ فٹ پاتھ پر تاش کے پتوں کو پھیلائے بیٹھتا تھا۔
جو کوئی شخص اس کے پاس آتا اور اپنی قسمت کا حال جاننا چاہتا تو وہ پنجرے کا دروازہ کھول دیتا۔	جو کوئی شخص اپنی قسمت جاننا چاہتا تو وہ پنجرے کا دروازہ کھول دیتا۔
طوطا پنجرہ سے نکل کر ایک تاش کا پتہ اپنی چونچ میں پکڑ کر اسے دے دیتا۔	طوطا نکل کر ایک تاش کا پتہ اپنی چونچ میں پکڑ کر اسے دے دیتا۔
جیسے آنے والے ہر شخص کی قسمت سے وہ با خبر  تھا۔	جیسے ہر شخص کی قسمت سے وہ با خبر  تھا۔
ایک دن طوطا کسی کی  قسمت کا حال بتانے کے لئے پنجر ہ سے باہر نکلا۔	ایک دن طوطا کسی کی  قسمت کا حال بتانے کے لئے باہر نکلا۔
اتنے میں ایک چیل اوپر سے اڑتی ہوئی آئی اور طوطے کو اپنی چونچ میں دبا کر فورا سے اُڑ گئی۔	اتنے میں ایک چیل آئی اور طوطے کو اپنی چونچ میں دبا کراُڑ گئی
فقیرکی جھولی میں روٹی کے چند ٹکڑے آتے ہی اسکے چہرے پر زندگی کے آثار ظاہر ہو گئے۔	فقیر کی جھولی میں روٹی کے چند ٹکڑے آتے ہی اسکے چہرے پر زندگی کے آثار ظاہرہو گئے
وہ میدان میں لگے میلے کی بھیڑ کو چیرتا ہوا خوشی سے اپنے گھر بچوں کی پیٹ کی آگ بجھانے کے لئے نکل پڑا۔	وہ خوشی سے اپنے گھر بچوں کی بھوک مٹھانے کے لئے نکل پڑا۔
گھرآنے پر جب اُس نے جھولی میں اپنے روٹی کے چند ٹکڑے تلاش کئے تو اُسے بہت مایوسی ہوئی۔	گھرآنے پر جب اُس نے جھولی میں اپنے روٹی تلاش کئے تو اُسے بہت مایوسی ہوئی۔
روٹی کے ٹکڑےجھولی میں نہیں تھے۔	روٹی جھولی میں نہیں تھے
اُس نے اپنے بچوں کو بھوکا سلا دیا اور خود بھی یہ سوچ کر تسلی کیئ-	اُس نے اپنے بچوں کو بھوکا سلا دیا اور خود یہ سوچ کر تسلی کیئ-
کہ جھولی میں میرا نہیں بلکہ مجھ سے بھی زیادہ بھوکے شخص کا رزق تھا۔	کہ جھولی میں مجھ سے بھی زیادہ بھوکے شخص کا رزق تھا-
جس نے میرے قریب سے گزر کر حاصل کر لیا۔	جس نے میرے قریب سے گزر کر حاصل کر لیا۔
پروفیسر نے اپنی کلاس کے دوران گریجویشن کر رہی لڑکیوں سے پوچھا۔	پروفیسر نے کلاس میں لڑکیوں سے پوچھا۔
ذرا مجھے بتائیے کہ اس ہال میں بیٹھی کتنی لڑکیوں کے لڑکے دوست ہیں۔	ذرا مجھے بتائیے کہ کتنی لڑکیوں کے لڑکا دوست ہیں۔
یہ سن کر ہال میں بیٹھی لڑکیاں خوشی خوشی کھڑی ہو گئیں اور اکیلی بیٹھی خاموش اس لڑکی کو  کم تر نظروں سے دیکھ کر قہقہے لگانے لگیں۔	یہ سن کر لڑکیاں خوشی سےکھڑی ہو گئیں اور اکیلی بیٹھی لڑکی کو دیکھ کرہںسننےلگیں۔
جس کا کوئی  لڑکا دوست نہ تھا۔	جس کا کوئی  لڑکا دوست نہ تھا۔
الکشن ہونے کا اعلان ہو چکا تھا۔	الکشن کا اعلان ہو چکا تھا۔
وہ پندرہ دن سے اپنی فائل لئے اوپرسے ٹکٹ حاصل کرنے کے لئے کوشیش کر رہا تھا۔	وہ اپنی فائل لئے  ٹکٹ حاصل کرنے کے لئے کوشیش کر رہا تھا۔
اعلی کمان تک رسائی ہوئی تو فائل کو پڑھا گیا ۔	اعلی کمان تک رسائی ہوئی تو فائل کو پڑھا گیا ۔
تم کہاں رہتے ہو, 	تم کہاں رہتے ہو 
سر۔ میں ڈول پور میں۔	میں ڈول پور میں۔
لیکن تم نے لکھا ہے کہ میں الیکشن گول پور سے لڑنا چاہتا ہوں۔	تم نے لکھا ہے کہ میں الیکشن گول پور سے لڑنا چاہتا ہوں۔
 جی سر	 جی سر
کیوں بھلا	کیوں بھلا
سر وہاں سے الیکشن میں کامیاب  ہونا میرے لئے زیادہ آسان ہے۔	سر وہاں سے کامیاب ہونا میرے لئےآسان ہے۔
مجھے پوری امید ہے کہ میں وہاں سے زیادہ ووٹوں سے کامیاب ہو جاؤں گا۔	امید ہے کہ میں زیادہ ووٹوں سے کامیاب ہو جاؤں گا۔
 لیکن اپنےوطن ڈول پور سے کیوں نہیں۔	 لیکن اپنےوطن ڈول پور سے کیوں نہیں لڑنا چاھتےہو۔
سر وہاں کے لوگ مجھے اچھی طرح جانتے اور پہچانتے ہیں۔	سر وہاں کے لوگ مجھے اچھی طرح پہچانتے ہیں
وہ شہر مسلسل پندرہ دن تک نفرت کی آگ میں جلتا رہا۔	وہ شہر مسلسل نفرت کی آگ میں جلتا رہا۔
روزانہ پولس کا پہرہ ,گھر سے باہر نکلنے پرپابندی اور پھر شہر کے کسی طرف  سے اٹھتا ہو ا دھواں۔	روزانہ پولس کا پہرہ  اور پھر شہر کے کسی طرف  سے اٹھتا ہو ا دھواں۔
اٹھتے ہوئے شعلے۔	بھڑکتے ہوئے شعلے۔
گولیوں کی آوازیں۔	گولیوں کی آوازیں۔ 
بچوں اور عورتوں کی چیخیں خاموشی میں دور تک سنائی دیتی تھیں۔	بچوں اور عورتوں کی چیخیں دور تک سنائی دیتی تھی۔
پندرہ دن بعد جب جنگ ختم ہویئ اور زندگی معمول پر آ گئی تو بچوں نے اپنے اسکول کے بیگ نکالے۔	پندرہ دن بعد جب جنگ ختم ہویئ تو بچوں نے اپنے اسکول کے بیگ نکالے۔
بڑی بہن نے چھوٹے بھائی سے کہا "پڑھو"	بہن نے چھوٹے بھائی سے کہا "پڑھو"
بچہ نے پہلی جماعت کی کتاب نکالی اور اپنی تو تلی زبان میں پڑھنے لگا۔	بچہ تو تلی زبان میں پڑھنے لگا۔
الف سے آگ۔ ب سے بندوت۔ پ سے پولت۔ ت سے تینشن!	الف سے آگ۔ ب سے بندوت۔ پ سے پولت۔ ت سے تینشن
آج مولانا نے عید الفطر کی نماز سے پہلے مل جول کر  رہنے  موضوع پر بڑے ہی صاف تفصیل انداز میں تقریر کی تھی۔	آج مولانا نے مل جل کر رہنے پر بڑی سی تقریر کی تھی
مولانا کی تقریر سن کر کئی لوگوں کی آنکھوں میں آنسوں آگئیں اور دل موم ہوگئے۔	تقریر سن کر کئی لوگوں کی آنکھوں میں آنسوں آگئیں اور دل موم ہوگئے
نماز کے بعد لوگ سالوں کے آپس کی جھگڑے کو بھول کر کھلے دل سے عید گاہ میں گلے مل رہے تھے۔	لوگ سالوں کے جگھڑے کو بھول کر کھلے دل سے  گلے مل رہے تھے۔
مجھ پر بھی اُن کی تقریر سے بہت زیادا اثر ہوا۔	میں بھی تقریر سے بہت زیادا اثر ہوا۔
میں نے مولانا کو اپنےساتھ لیا اور گھر کی طرف چل پڑا۔	میں مولانا کے ساتھ گھر کی طرف چل پڑا۔
ابھی ہم اُس گلی کے موڑ پر آئے تھے جہاں سے میرے گھر کا فاصلہ بہت قریب تھا۔	ابھی میرے گھر کے قریب گلی کے موڑ پر آئے تھے 
مولانا نے رُک کر کہا۔	مولانا نے رُک کر کہا۔
ہم دوسری گلی سے ہو کر آپ کے گھر چلتے ہیں،	ہم دوسری گلی سے چلتے ہیں
تمہیں تو پتہ ہی ہوگا	تمہیں تو پتہ ہی ہوگا
اس طرف میر ے بھائی کا  گھر ہے اور میں اس سے بات کرنا تو دور اُس کا چہرہ دیکھنا بھی پسند نہیں کرتا۔	اس طرف میر ے بھائی کا  گھر ہے ، میں اس سے بات کرنا پسند نہیں کرتا۔
سنیئے۔!	سنیئے۔!
جی	جی
میں آپ سے ایک بات کہنا چاہتی ہوں۔	میں ایک بات کہنا چاہتی ہوں۔
کہئے	کہئے
لیکن مجھے ڈر لگ رہا ہے۔	لیکن مجھے ڈر لگ رہا ہے۔
ڈر؟ کس بات کا ڈر؟	کس بات کا ڈر لگ رہا ہے۔
مجھ جیسے انسان سے ڈر	مجھ سے ڈر  کیسا۔
ارے میں تو تمہارے بڑے بھائی کی طرح ہوں۔	میں تو تمہارے بھائی کی طرح ہوں
کہو نا	کہو نا
نہیں اب میں وہ بات کبھی نہیں کہوں گی۔	اب میں وہ بات کبھی نہیں کہوں گی
آگ لگنے سے جب اسکی والدہ جل کر فوت ہو گئی۔	آگ لگنے سے جب اسکی والدہ فوت ہو گئی
تو وہ اپنی نانی کے پاس چلی گئی۔ اور وہاں رہنے لگی۔	تو وہ نانی کے پاس رہنے لگی۔
وہ تو ابھی بہت چھوٹی تھی۔	وہ تو ابھی بہت چھوٹی تھی
لیکن بوڑھی نانی اسکے تعلق سے پریشان تھی۔	لیکن نانی اسکے تعلق سے پریشان تھی
وہ اسکے لئے جہیز کا سامان اکٹھا کرنے میں ابھی سے مصروف ہو گئی تھی۔	وہ اسکے لئے جہیز اکٹھا کرنے میں صروف ہو گئی تھی
تاکہ آگ لگنے کا عمل اسکی نواسی کے ساتھ بھی نہ ہو سکئے۔	تاکہ آگ لگنے کا عمل اسکی نواسی کے ساتھ بھی نہ ہو جائے
اس نے چند روزپہلے ہی دوسرا نکاح کر لیا تھا۔	اس نے دوسرا نکاح کر لیا تھا۔
ایک دن جب اسکی بیٹی غزالہ کالج سے بارش میں بھیگتی ہوئی گھر آئی۔	ایک دن جب اسکی بیٹی غزالہ کالج گھر آئی
تو اس نے اپنے کپڑے  تبدیل کر کے امی کے نئے کپڑے پہننے چاہے۔	تو اس نے کپڑے  تبدیل کر کے امی کے نئے کپڑے پہننے چاہے۔
لیکن جب سوتیلی ماں کے کپڑے اسے چھوٹے ہو گئے۔	جب سوتیلی ماں کے کپڑے اسے چھوٹے ہو گئے
تو اسکے منہ سے بغیر سوچھے نکلا۔	تو اسکے منہ سے نکلا۔
امّی، تم مجھ سے کتنی چھوٹی ہو۔	امّی، تم مجھ سے کتنی چھوٹی ہو۔
چنٹو رو رہا تھا	چنٹو رو رہا تھا
شاید اُسے بھوک لگی تھی۔	شاید اُسے بھوک لگی تھی۔
میں نے اسکی امّی کو آواز دی۔	میں نے اسکی امّی کو آواز دی۔
چنٹو کو خاموش کراؤ میں نیوز نہیں سن پا رہا ہوں۔	چنٹو کو خاموش کراؤ میں شور کی وجہ نیوز نہیں سن پا رہا ہوں۔
اسکی امی آئی اور دور پڑے کھلونا کو اسکے ہاتھوں میں دیں کرچلی گئی۔	اسکی امی کھلونا کو اسے دیں کرچلی گئی۔
چنٹو اب خاموش ہو چکا تھا۔	چنٹو اب خاموش ہو چکا تھا۔
مجھے نیوز پڑھنے والے کی آواز صاف سنائی دے رہی تھی۔	مجھے نیوز  سنائی دے رہی تھی۔
وہ کہہ رہا تھا "اب ملک میں بہت جلد خوشحالی آئے گی۔	وہ کہہ رہا تھا ، اب ملک میں جلد خوشحالی آئے گی
کیونکہ تمام پارٹیوں نے کسانوں کو فصلوں کی اچھی قیمت ، بنیادی سہولت اور مفت تعلیم دینے کے وعدے کئے ہیں۔	کیونکہ تمام پارٹیوں نے کسانوں کو فصلوں کے اچھے قیمت ، بنیادی سہولت اور مفت تعلیم دینے کے وعدے کئے ہیں۔
دوسری خبر تھی	دوسری خبر تھی
الیکشن آفیسر نے کہا ہے الیکشن  چارمہینےبعد اکتوبر کے مہینے میں ہونے کے امید ہیں۔	الیکشن آفیسر نے کہا ہے الیکشن  اکتوبر کے مہینے میں ہونے کے  امید ہیں۔
چنٹو ہاتھ میں کھلونا پکڑے پھر رونے لگا تھا۔	چنٹو پھر رونے لگا تھا۔
شاید اُسے سچ مچ بھوک لگی تھی!	شاید اُسے سچ میں بھوک لگی تھی!
اسکے والد عرصہ سے ایک  خطرناک بیماری میں گرفتار تھے۔	اسکے والد کو ایک  خطرناک بیماری تھی-
کچھ روز پہلے ڈاکٹروں کی طرف سے ناامیدی ظاہر ہو جانے پر انھیں گھر لایا گیا تھا۔	ڈاکٹروں  سے ناامیدی ظاہر ہونے پر انھیں گھر لےآ یۓ تھے
مگر آج اُن کے نوجوان بیٹے کی آفس میں دل کی دھڑکن بند ہو جانے پر موت واقع ہو گئی۔	مگر آج اُن کے بیٹے کی آفس میں موت واقع ہو گئی
جو گھر سے اپنی والدہ سے آفس یہ کہہ کر گیا تھا۔	جو گھر سےآفس یہ کہہ کر نکلا گیا تھا
کہ مجھے ضروری کام سے دہلی جانا تھا۔	کہ مجھے کام سے دہلی جانا تھا
مگر والد صاحب کی طبیعت دیکھ کر ارادہ نہیں کر پا رہا ہوں۔	مگر والد کی طبیعت دیکھ کر ارادہ نہیں کر پا یا-
وہ تینوں بس اسٹاپ پر کھڑے آپس میں بات چیت کر رہے تھے۔	وہ تینوں آپس میں بات کر رہے تھے
 دیکھو راشد لڑکی نے ہوائی آلودگی سے بچنے کے لئے پورا دوپٹہ اپنے چہرے پر لیا ہوا ہے ۔	 دیکھو راشد لڑکی نے آلودگی سے بچنے کے لئے دوپٹہ چہرے پر لیا ہوا ہے ۔
نہیں ایسی بات نہیں ہے 	ایسی بات نہیں ہے 
دراصل  وہ لڑکی بڑی با حیا ہے اپنے چہرےکو دیکھانا پسند نہیں کرتی۔	وہ لڑکی بڑی با حیا ہے ، اپنے چہرےکو دیکھانا پسند نہیں کرتی۔
تیسرے نے کہا۔ سچ تو یہ ہے کہ وہ جس نوجوان کی اسکوٹر پر سوار ہے۔	تیسرے نے کہا۔کہ وہ جس کی اسکوٹر پر سوار ہے
وہ اسکا عاشق ہے اور محترمہ اپنے ماں باپ کا نام دوپٹہ میں چھپا رہی ہے۔	وہ اسکا عاشق ہے اور وہ ماں باپ کا نام چھپا رہی ہے
تاکہ اُن کی عزت پر کوئی سوال نہ آئے۔	تاکہ اُن کی عزت پر کوئی سوال نہ آئے
دُور بہت دُور اونچی پہاڑی پر بہت عرصہ سے کئی چراغ شام میں خود ہی روشن ہو کر رات دیر تک بھٹکے ہوئے مسافروں کو راستہ دکھاتے تھے۔	 بہت دُور بہت عرصہ سے کچھ چراغ شام میں خود ہی جل کررات کو مسافروں کو راستہ دکھاتے تھے۔
لیکن اُس دن چند لوگ شام کے وقت اُس پہاڑی پر چڑھ آئے اور چراغوں کے لئے لڑنے لگے۔	لیکن چند لوگ شام کے وقت اُس پہاڑی پر چراغوں کے لئے لڑنے لگے۔
پھر جب تیرے میرے چراغوں کی ضد حد سےبڑھ گئ ۔	پھر جب تیرے میرے چراغوں کی ضد حد سے بڑھ گئی
تو ایک تیز ہوا کا جھونکا آیا اور تمام چراغوں کو ہمیشہ ہمیشہ کے لئے بجھا کر چلا گیا۔	تو ایک ہوا کا جھونکا آیا اور تمام چراغوں کو بجھا کر چلا گیا۔
اب وہ ناکام خالی ہاتھ چوٹی سے نیچے اتر رہے تھے۔	اب وہ خالی ہاتھ نیچے اتر رہے تھے۔
وہ معلّمہ انگلش میڈیم سے پڑھ رہے اپنے خوبصورت بچوں کا ہمیشہ ذکر کرتے ہوئے کہتی۔	وہ معلّمہ اپنے بچوں کا ہمیشہ ذکر کرتے ہوئے کہتی
میں اپنے بچوں کو خوب پڑھاؤں گی۔ 	میں اپنے بچوں کو خوب پڑھاؤں گی۔ 
ان کے والد کی طرح ڈاکٹر بناؤں گی	ان کو ڈاکٹر بناؤں گی
اس نے اپنے بچوں کی پرورش اور دیکھ بھال میں کوئی کمی نہیں آنے دئ۔	اس نے اپنے بچوں کی پرورش میں کوئی کمی نہیں آنے دئ۔
دونوں بچوں کی تعلیم اور ان کے دیکھ بھال پر وہ خوب روپیہ خرچ کرتی تھی۔	دونوں بچوں پر وہ خوب روپیہ خرچ کرتی تھی۔
لیکن حالات نے اچانک رخ بدلا۔	لیکن حالات اچانک بدلے۔
معلّمہ کینسر جیسے خطرناک بیماری میں مبتلا ہو گئی اور ایک مہینےکے وقت میں ہی اس دنیا سے چل بسی۔	معلّمہ کینسر جیسے بیماری میں مبتلا ہو گئی ، ایک مہینےمیں ہی فوت ہو گئ
ماں کے رخصت ہو جانے پر معصوم بچے باپ کی نگرانی میں پلنے لگے۔	ماں کے جانے پر بچے باپ کی نگرانی میں پلنے لگے۔
ایک سال بعد باپ نے دوسری شادی کر لی۔	 باپ نے دوسری شادی کر لی۔
بچے انگلش اسکول سے اردو اسکول میں آ گئے اور پھر ایک دن وہ بے بس اور مجبور بچے اسکول کے کونے میں اس لائن میں کھڑے تھے۔	بچے انگلش اسکول سے اردو اسکول میں آ گئے ، پھر ایک دن وہ بچے اسکول میں اس لائن میں کھڑے تھے
جہاں زکوٰۃ کے پیسوں سے غریب حق دار بچوں کو اسکول یونیفارم تقسیم کئے جا رہے تھے۔	جہاں زکوٰۃ کے پیسوں سے غریب بچوں کو اسکول یونیفارم دیں رہے تھے۔
نماز و روزہ کی پابند ایک بوڑھی عورت نے چھ سالہ پڑوسی بچہ سے ایک دن پوچھا۔	نماز و روزہ کی پابند ایک بوڑھی عورت نے بچہ سے پوچھا۔
بیٹا تمہارے ابو جان نماز کے وقت میں کبھی مسجد جاتے دکھائی نہیں دیتے کیا تمہارے ابو گھر ہی میں نماز پڑھتے ہیں؟	بیٹا تمہارے ابو کبھی مسجد جاتے دکھائی نہیں دیتے کیا وہ گھر میں نماز پڑھتے ہیں
نہیں آنٹی میرے پاپا تو خوبصورت ہیں۔	آنٹی میرے پاپا تو خوبصورت ہیں
 وہ نماز کیوں پڑھنگے-	وہ نماز نہیں پرھتے ۔
نماز تو بوڑھے لوگ پڑھتے ہیں۔	نماز تو بوڑھے پڑھتے ہیں 
بچہ نے بڑی معصومیت سے کہا اور اپنا رُخ ٹی۔وی کی طرف کر کے ٹی۔ وی پر ڈانس کر رہی عورتوں کی طرح خود بھی ڈانس کرنے لگا۔	بچہ نے کہا اور  ٹی۔ وی پر ڈانس کر رہی عورتوں کی طرح خود بھی ڈانس کرنے لگا۔
ٹرین اپنی رفتار سے چل رہی تھی۔	ٹرین چل رہی تھی
میرے سامنے کی سیٹ پر بیٹھی عورت اپنے ساتھ بیٹھے شخص سے باتیں کرتے کرتے اسکے کاندھے پر سر رکھ کر سوگئی تھی۔	سامنے بیٹھی عورت نے ساتھ بیٹھے شخص کے کاندھے پر سر رکھ کر سوگئی تھی
ایک گھنٹہ بعد جب ٹرین کی رفتار کم ہوئی۔	جب ٹرین کی رفتار کم ہوئی
تو اُس نے اسکا سر اپنے کاندھے سے اٹھایا  اور پھر اُسے پیار دیتے ہوئے یہ کہتے ہوئے کھڑا ہو گیا۔	تو اُسے یہ کہتے ہوئے کھڑا ہو گیا۔
میں بھی مسافر۔ تم بھی مسافر۔ اب بھگوان (ہندوں کا رب) جانے کب ملاقات ہو۔	ہم دونوں مسافرہے اب رب جانے کب ملاقات ہو۔
اُس نے بھی اُسے خوشی سے خدا حافظ کیا۔	اُس نے اُسے خدا حافظ کیا۔
ٹرین پلیٹ فارم پر رک گئی۔	ٹرین روک گئی۔
وہ اترا اور بہت سے لوگوں میں گم ہو گیا۔	وہ اتر کر لوگوں میں گم ہو گیا۔
اور وہ ٹرین کے دروازے پر کھڑی پھر کسی نئے ہم سفر کا انتظار کرنے لگی۔	اور وہ نئے ہم سفر کا انتظار کرنے لگی۔
شاید وہ دس گیارہ سال کی بچی ہوگی۔	وہ دس گیارہ سال کی بچی ہوگی
اُس نے ہاتھ ہلا کر مجھ سے سواری مانگی میں نے گاڑی روک کر اُسے بٹھا لیا۔	اُس نےمجھ سے سواری مانگی میں نے اُسے گاڑی میں بٹھا لیا -
لیکن مجھے اسکا اسطرح سواری مانگنا اچھا نہیں لگا۔	لیکن مجھے اسکا سواری مانگنا اچھا نہیں لگا۔
میں نے پوچھا کہاں جانا چاہتی ہو "درپن نگر۔"	میں نے پوچھا کہاں جانا چاہتی ہو کہتی ہے"درپن نگر۔"
درپن نگر جانا ہی تھا تو بس کا انتظار کر لیتی۔	بس کا انتظار کر لیتی
بس سے جانے کے لئے پیسے چاہیے اور میرے پاس۔ وہ کہتے کہتے رک گئی۔	بس سے جانے کے لئے میرے پاس پیسے نہیں ہے 
اچھا۔۔ درپن نگر میں کہاں ڈراپ کروں۔؟	درپن نگر میں کہاں اتاروں۔
شراب خانے  کے پاس۔	شراب خانے کے پاس اتارو۔
کیا تم شراب خانے میں کام کرتی ہو؟	تم شراب خانے میں کام میں کرتی ہو
نہیں میں شراب خانے کے سامنے کھڑی کاریں صاف کرتی ہوں۔	میں کاریں صاف کرتی ہوں۔
کتنا مل جاتا ہے۔	کتنا مل جاتا ہے۔
یہی بیس پچیس روپئے۔	یہی بیس پچیس روپئے۔
لیکن مینجر نے کہا ہے تم جلدی بڑی ہو جاؤ۔	مینجر نے کہا ہے تم بڑی ہو جاؤ۔
میں تمہیں شراب خانے میں رکھ لوں گا۔	میں تمہیں شراب خانے میں رکھ لوں گا
تب مجھے تنخواہ بھی ملے گی اور ٹپس الگ۔	تب تنخواہ بھی ملے گی اور ٹپس الگ سے ملیں گی۔
آپ رب سے میرے لئے دعا کرو کہ میں جلدی بڑی ہو جاؤں۔	آپ دعا کرو کہ میں بڑی ہوجاؤں
میں نے کہا۔ہاں کیوں نہیں-	میں نے کہا کیوں نہیں-
تھوڑی دیر خاموشی کے بعد وہ خود ہی کہنے لگی۔	وہ خود ہی کہنے لگی۔
میری ترقی ہو جائے۔ پھر دیکھنا میں اپنے بوڑھے پتا جی کو کچھ نہیں کرنے دوں گی۔	میری ترقی ہو جائے تو میں اپنے باپ کو کچھ نہیں کرنے دوں گی۔
میں سوچنے لگا۔ یہ غریبی بھی کیسی مجبوری ہے جہاں بچے اپنا قیمتی بچپن بے چینی سے جوانی کے انتظار میں گزارتے ہیں۔	میں سوچنے لگا کہ غریب بچیں کیسے اپنا بچپن جوانی کے انتظار میں گزارتے ہیں۔
درپن نگر کا شراب خانہ آیا	شراب خانہ آیا
تو میں نے دیکھا میری اسکوٹی سے اتر کر شراب خانہ جاتی ہوئی وہ دس گیارہ سال کی چھوٹی سی بچی مجھے یوں بھی بہت بڑی  لگ رہی تھی۔	وہ چھوٹی سی بچی مجھے بہت بڑی معلوم ہو رہی تھی۔
کل صائمہ خالہ کے بڑے بیٹھے کی شادی ہوئی تھی۔	صائمہ خالہ کے بڑے بیٹھے کی شادی ہوئی تھی۔
صائمہ خالہ مہمان  کی خدمت  میں مصروف تھیں۔	صائمہ خالہ مہمان کی خدمت میں مصروف تھیں۔
اتنے میں کسی خاتون نے کہا۔	 کسی نے کہا۔
صائمہ خالہ خدمات تو شام میں بھی ہوتی رہے گی۔	صائمہ خالہ خدمات تو ہوتی رہے گی
ابھی تو ہم بڑی بہو کا جہیز دیکھنے آئے ہیں۔	ابھی تو ہم جہیز دیکھنے آئے ہیں۔
خالہ نے کہا۔ ٹھیک ہے۔	خالہ نے کہا۔ ٹھیک ہے۔
اﷲ کا کرم ہے۔	اﷲ کا کرم ہے
کہ مجھے جہیز میں سب کچھ مل گیا ہے۔	کہ مجھے جہیز میں سب مل گیا ہے۔
دلہن کے کمرے میں آؤ میں تمہیں جہیز دکھاتی ہوں۔	آؤ میں تمہیں جہیز دکھاتی ہوں۔
پھر انھوں نے دلہن کا چہرا دیکھایا اور کہا۔	 انھوں نے دلہن کو دیکھایا اور کہا۔
دیکھو یہ ہے میرا اصل جہیز	یہ میرا اصل جہیز ہے
وہ امیر شہری تھا۔	وہ امیرتھا
اُس نے اپنی پوری زندگی دولت جمع کرنے میں لگا دی۔	اُس نے پوری زندگی دولت جمع کیی۔
شہر میں اسکی کئی اونچی عمارتیں تھیں۔	 اسکی کئی عمارتیں تھیں۔
لاکھوں روپیہ بینک میں تھا۔	لاکھوں روپیہ بینک میں تھا۔
وہ کہتا تھا دنیا میں دولت ہی سب کچھ ہے۔	وہ کہتا ہے دولت سب کچھ ہے
لیکن جب اُسے خطرناک بیماری ہوئی اور ڈاکٹر وں نے جواب دے دیا۔	جب اُسے خطرناک بیماری ہونے پر ڈاکٹر وں نے جواب دے دیا
تو وہ امیر شخص بہت مجبور اور بے بس پلنگ پر پڑا اپنے بیٹے سے کہہ رہا تھا۔	وہ امیر شخص مجبور پڑا اپنے بیٹے سے کہہ رہا تھا۔
بیٹا اس دنیا میں آرام و آسائش کے ساتھ گزارنے کے لئے میں نے بہت دولت جمع کی۔	بیٹا میں نے بہت دولت جمع کی
لیکن آج مجھے زندہ رکھنے کے لئے یہ دولت بھی کام نہ آئی اور اب جہاں مجھے ہمیشہ ہمیشہ کے لئے رہنا ہے وہاں کے لئے میں نے کچھ نہ کیا۔	لیکن آج مجھے یہ دولت بھی کام نہ آئی ، اس دنیا کے لئے میں نے کچھ نہ کیا۔
بیٹا۔ آج میرے پاس دولت کی ڈھیر ہے۔	آج میرے پاس دولت کی ڈھیر ہے
لیکن اسکے باوجود میں زندہ نہیں رہ سکتا۔	لیکن اسکے باوجود میں زندہ نہیں رہ سکتا۔
میں کتنا بے بس اور غریب ہوگیا ہوں۔	میں کتنا غریب ہوگیا ہوں
کہ جا رہا ہوں تو میرا سیدھا ہاتھ خالی ہے۔	 میں خالی ہاتھ جا رہا ہوں
اےخدا میری غربت پر رحم فرما-	اےخدا میری غربت پر رحم فرما
اُس کا رشتہ طے ہونے کے بعد لڑکے کے گھر والوں نے جہیز میں قیمتی چیزوں کی خواھش شروع کر دی تھی۔	رشتہ طے ہوتے ہی لڑکے کے گھر والوں نے قیمتی چیزوں کی خواھش شروع کر دی تھی
لڑکے کی خواھش تھی کہ اُسے جہیز میں رنگین ٹی وی اور بائک بھی ملے۔	لڑکے کو جہیز میں رنگین ٹی وی اور بائک چاہیں تھی۔
اسکے والد نوکری پوری کرچکے تھے۔	اسکے والد نوکری پوری کرچکے تھے۔
نوکری پوری کرنے کے بعد جو بھی روپیہ ہاتھ آیا تھا۔	نوکری سےجو بھی روپیہ ہاتھ آیا تھا
اُن روپیوں سے اسکی تین بہنوں کی شادی کرنی تھی۔	اُن روپیوں سے اسکی تین بہنوں کے شادی کرنی تھی
لیکن چونکہ رشتہ طے ہو چکا تھا۔	رشتہ طے ہو چکا تھا۔
کاڈز تقسیم ہو چکے تھے۔	کاڈز تقسیم ہو چکے تھے
لہذا اسکے والد نے لڑکے اور اسکے والدین کی خواہشوں کو پورا کرنے میں کوئی کمی نہ چھوڑی۔	اسکے والد نے جہیز کے سارے خواہشوں کو پورا کرنے میں کمی نہ چھوڑی۔
شادی کے دوسرے دن اُس نے اپنے شوہر کے کمرے کا جائزہ لیا۔	شادی کے بعد اُس نے جب شوہر کے کمرے کا جائزہ لیا
تو اُسے بہت سے انعامات الماریوں میں رکھے نظر آئے۔	تو اُسے کے انعامات الماریوں میں رکھے نظر آئے۔
اسکے شوہر نے اُسے بتایا کہ یہ سب انعامات اُسے مختلف مقابلوں میں بڑا مقام حاصل کرنے پر ملے ہیں۔	شوہر نے بتایا کہ یہ انعامات اُسے ملے ہیں۔
اُس نے ایک شیلڈ کی طرف اشارہ کرتے ہوئے کہا دیکھو یہ شِلڈ مجھے مضمون لکھای کے مقابلہ میں اوّل مقام حاصل کرنے پر ملی ہے۔"	اُس نے ایک انعام کا  بتایا کہ یہ مضمون لکھای کے مقابلہ میں اوّل مقام حاصل کرنے پر ملی ہے- 
اُس نے پوچھا۔ مضمون کا عنوان آپ کو یاد ہے۔	اُس نے پوچھا کہ مضمون کا عنوان یاد ہے۔
شوہر نے کہا۔جی ہاں۔ آج کے دور کا  مسئلہ جہیز ایک معاشرتی لعنت ہے۔	شوہر نے کہا آج کے دور کا  مسئلہ ایک بڑا جہیز  ہے۔
میرے دوست۔۔ آج اُس لڑکی کا انتقال ہوا جسے باون سال پہلے میں نے راستے میں دیکھا تھا۔	آج اُس لڑکی کا انتقال ہوا جسے باون سال پہلے دیکھا تھا
اُسے دیکھ کر میرے دل میں یہ خیال آیا تھا۔	اُسے دیکھ کر خیال آیا تھا
کہ کاش یہ خوبصورت لڑکی میری بیوی بن جائے۔	کہ کاش یہ میری بیوی بن جائے
اسی وقت میں نے آسمان کی طرف نظریں اٹھا کر اﷲ تعالیٰ سے اُس لڑکی کو اپنے لئے مانگا۔	میں نے اﷲ تعالیٰ سے اُس لڑکی کو مانگا
وہ بڑی بے تکلف تھی میرے دل کے گہرائی میں چپ چاپ چلی آئی۔	وہ میرے دل میں چلی آئی
لیکن میں نے یہ بات چھپائے رکھی۔	میں نے یہ بات چھپائے رکھی۔
میں اس بات کا اظہار کرتا بھی کیسے والدین کی مرضی عزیز تھی۔	میرے لیے والدین کی مرضی عزیز تھی۔
دو سال بعد والدین نے میرے لئے لڑکی تلاش کرنے کا سلسلہ شروع کیا اور پھر اپنی مرضی اور خواہش کے مطابق میرے لئے لڑکی پسند کیی۔	دو سال بعد والدین نےاپنی مرضی سے میرے لئے لڑکی پسند کی
پھر وہ وقت بھی آگیا جس دن میری شادی ہوئی تھی۔	پھر میری شادی ہوگئی- 
شادی ہو جانے کے بعد جیسے ہی میری نظر اس پر پڑی میری حیرت کی انتہا نہ رہی اور میں بہت جذباتی ہو گیا۔	جیسے ہی میری نظر اس پر پڑی  میں بہت حیران اور جذباتی ہو گیا۔
اور خوشی و مسرت کے جذبات میں بے ساختہ چلّایا "تم وہی ہو تم وہی ہو۔	اور میں خوشی سے چلّایا تم وہی ہو تم وہی ہو
وہ سارے مذاہب کی کتابوں کا مطالعہ کرنے کے بعد دامن اسلام میں داخل ہوا تھا اور دین حکم  کے بلکل مطابق اپنی نئی زندگی پھر سے شروع کر چکا تھا۔	وہ اسلام میں داخل ہوا اور دین حکم کے مطابق زندگی پھر سے شروع کیی۔
ایک دن قریب پڑوس کے چند لوگوں نے اس سے کہا اب تمہیں شادی کر لینی چاہیے۔	لوگوں نے اس سے کہا تمہیں شادی کر لینی چاہیے۔
ہم نے ایک لڑکی دیکھی ہے۔	ہم نے ایک لڑکی دیکھی ہے
وہ لوگ تعلیم یافتہ اور خاندانی مسلمان ہیں۔	وہ لوگ تعلیم یافتہ اور خاندانی مسلمان ہیں۔
دوسرے دن وہ اُن لوگوں کے ساتھ ایک بڑے سے مکان میں داخل ہوا۔	 دوسرے دن  وہ لوگوں کے ساتھ ایک مکان میں داخل ہوا۔
اُسنے چاروں طرف دیکھا۔	اُسنے چاروں طرف دیکھا
اُسے ہر طرف انگریز معاشرے کی جھلکیاں دکھائی دیں۔	 ہر طرف انگریز معاشرے دکھائی دیں۔
ساتھ کمرے سے ڈانس میوزک کی آواز آ رہی تھی۔	کمرے سے میوزک کی آواز آ رہی تھی
والدہ نے اپنی لڑکی کو آواز دی۔	والدہ نے اپنی لڑکی کو آواز دی۔
تھوڑی دیر بعد میوزک بند ہو گئی اور لڑکی چھوٹے  کپڑے پہنے کمرے سے باہر نکل آئی۔	 میوزک بند ہو گئی اور لڑکی چھوٹے  کپڑے پہنے باہر نکل آئی۔
ہیلو ڈیڈ- مجھے کیوں بلایا؟	مجھے کیوں بلایا؟
اس سے پہلے کہ والد بیٹی کو بلانے کی وجہ بتاتے نیا مسلم لڑکا یہ کہہ کر کھڑا ہو گیا۔	والد وجہ بتاتے سے پہلے لڑکا یہ کہہ کر کھڑا ہو گیا۔
مجھے معاف کیجئے میں دو سال قبل جس معاشرے سے لوٹ آیا ہوں۔	میں جس معاشرے سے واپس آیا ہوں
دوبارہ اسی معاشرہ میں نہیں جانا چاہتا۔	دوبارہ اسی میں نہیں جانا چاہتا۔
یہ سن کر لڑکی کی والدہ کے چہرے پر پسینے کی بوندیں ابل پڑیں اور چہرے پر غازہ کی پرت کو دھونے لگیں۔	یہ سن کر لڑکی کی والدہ شرمندہ سی ہو گی۔
سمیر اپنے گاؤں سے شہر تعلیم حاصل کرنے کے مقصد آیا تھا۔	سمیر شہر تعلیم حاصل کرنے آیا تھا
شہر کے کالج میں تعلیم حاصل کرتے ہوئے اُسے تقریباً پانچ سال کا عرصہ ہو چکا تھا۔	تعلیم حاصل کرتے ہوئے اُسےپانچ سال کا عرصہ ہو چکا تھا۔
ان پانچ سالوں میں وہ اپنی کلاس کی غزالہ کی محبت میں بھی گرفتار ہوا تھا۔	اسےاپنی کلاس کی غزالہ سےمحبت ہوگئ
اب وہ غزالہ کو کسی طرح اپنے سے دور نہیں دیکھنا چاہتا تھا۔	وہ غزالہ کو خود سے دور نہیں دیکھنا چاہتا تھا
غزالہ بھی اُسے محبت کرنے لگی تھی۔	غزالہ بھی اُسے محبت کرنے لگی تھی۔
ایک دن جب غزالہ نے اپنی امّی سے یہ خواہش ظاہر کی کہ وہ سمیر سے ہی شادی کرنا چاہتی ہے۔	جب غزالہ نے اپنی امّی سے سمیر سے شادی کی خواہش ظاہر کرنا چاہتی ہے
تو اسکے والدین  غصہ ہوئے اور انھوں نے اسکی خواہش کونہیں مانا۔	اسکے والدین  غصہ ہوئے اور اسکی خواہش کونہیں مانا۔
والدین کے انکار کے بعد سمیر نے غزالہ کو چپ چاپ شہر چھوڑ کر کسی دوسرے شہر اسکے  ساتھ چلنے کے لئے راضی کر لیا۔	والدین کے انکار کے بعد سمیر نے غزالہ کو چپ چاپ اپنے  ساتھ چلنے کے لئے راضی کر لیا۔
اب سمیر اپنے کمرے میں بکھرے سامان کو اکھٹا کر رہا تھا۔	اب سمیر سامان کو اکھٹا رہا تھا
انھیں آج رات ایک بجے آنے والی ٹرین سے شہر چھوڑ نا تھا۔	انھیں آج رات شہر چھوڑ نا تھا۔
ابھی وہ اپنے سامان پیک ہی رہا تھا۔	وہ اپنا سامان پیک ہی کر رہا تھا
کہ اسکے موبائل پر کال آئ۔	کہ موبائل پر کال آئ۔
موبائل پر آیا فون نمبر اسکے گھر کے پڑوس کا تھا۔	فون پڑوس کا تھا۔
اُس نے موبائل اپنے کانوں سے لگا لیا۔	اُس نے موبائل اپنے کانوں سے لگا لیا۔
اسکے والد تکلیف دے اواز میں اس سے کہہ رہے تھے۔	اسکے والد پریشانی سے کہہ رہے تھے۔
بیٹا تمہاری بہن شہر سے آئے ایک نوجوان کے ساتھ پتہ نہیں کہاں چلی گئی ہے۔	بیٹا تمہاری بہن ایک نوجوان کے ساتھ کہیں چلی گئی-
تم فوراً چلے آؤ خاندان کی عزت خطرے میں ہے۔	تم آؤ خاندان کی عزت خطرے میں ہے
گاؤں کے لوگ بہت خوش تھے۔	گاؤں کے لوگ خوش تھے۔
اُن کے گاؤں کا لڑکا وزیر بن چُکا تھا۔	اُن کے گاؤں کا لڑکا وزیر بن چُکا تھا۔
وزیر بنتے ہی اُس نے اپنے گاؤں جا کر وہاں کے لوگوں کے حالات جاننے اور وہاں ایک عام سبھا لے کر گاؤں کا وکاس کرنے کا بھی اعلان کیا۔	وزیر بنتے ہی اُس نے اپنے گاؤں جا کر وہاں کے لوگوں کے حالات جاننے اور وہاں ایک عام جلاس لے کر گاؤں کا وکاس کرنے کا بھی اعلان کیا۔
اس اعلان کے بعد گاؤں کے لوگوں نے اپنے وزیر کی آنے پر استقبال کے لیے زور و شور سے تیاریاں شروع کر دیں۔ 	اس اعلان کے بعد لوگوں نے اپنے وزیر کی آنے پر تیاریاں شروع کر دیں۔ 
حکومت کے ذمہ داران بھی وہاں پہنچے۔	حکومت کے ذمہ داران بھی وہاں پہنچے۔
گاؤں کےآس پاس کا جائزہ لے کر عام سبھا کے لئے میدان تیار کرنے کا حکم دے دیا۔	گاؤں کے آس پاس کا جائزہ لے کر  میدان تیار کرنےکا حکم دے دیا۔
دوسرے دن سینکڑوں مزدور گاؤں کے باہر گھنے جنگل کو کاٹ کربڑے میدان میں تبدیل کرنے لگے۔	دوسرے دن مزدور جنگل کو کاٹ کر بڑے میدان میں تبدیل کرنے لگے
تاکہ منتری جی کی عام اجلاس میں زیادہ سے زیادہ لوگ شریک ہوں اور وکاس کے کاموں کا اعلان کیا جا سکے۔	تاکہ عام اجلاس میں زیادہ لوگ شریک ہوں اور وکاس کے کاموں کا اعلان کیا جا سکے
عمران  نوکری کے سلسلے میں اپنے گاؤں سے شہر آیا تھا اور گزرے دو سال سے جمیل سیٹھ کی چار منزلہ عمارت میں ایک کمرہ کرایہ پر لے کر رہ رہاتھا۔	عمران نوکری  کے لئے آیا تھا ، جمیل سیٹھ کی عمارت میں رہ رہاتھا۔
جمیل سیٹھ کا بہت بڑا  کاروبار تھا۔	جمیل سیٹھ کا بڑا کاروبار تھا۔
لیکن اُنھیں کوئی اولاد نہ تھی۔	لیکن انکی کوئی اولاد نہ تھی۔
ایک دن اچانک جمیل سیٹھ کو دل کا دورہ پڑا اور وہ  فوت ہو گئے۔	اچانک جمیل سیٹھ  فوت ہو گئے۔
ایک سال بعد عمران نے سیٹھ کی بیوی سے نکاح کر لیا۔	عمران نےسیٹھ کی بیوی سے نکاح کر لیا۔
اور مرحوم جمیل سیٹھ کے بڑے کاروبار کو سنبھال لیا۔	اور انکے کاروبار کو سنبھال لیا۔
اب لوگ اُسے عمران سیٹھ کے نام سے پُکارنے لگے تھے۔	لوگ اُسے عمران سیٹھ کے نام سے پُکارنے لگے تھے۔
اُن کی  تعلیمات کے ادارے میں آفیسر کے طور پر ترقی ہوئی تھی۔	اُن کی ادارے میں ترقی ہوئی تھی
دو روز بعد انھوں نے آفس کے ٹیبل پر رکھے فائلوں کو پڑھا-	انھوں نے آفس کے فائلوں کو پڑھا-
چند فائلوں پر دستخط کرنے کے بعد انھوں نے اپنے وابستہ کلرک کو بُلا کر کہا۔	چند فائلوں پر دستخط کرنے کے بعد  کلرک کو کہا۔
میں ان فائلوں پر دستخط نہیں کروں گا۔	میں باقی فائلوں پر دستخط نہیں کروں گا -
تم اُن لوگوں سے کہہ دو کہ میں قانون کے دائرے میں رہ کر ہی کام کرنے کا عادی ہوں۔	تم اُن سے کہہ دو کہ میں قانون کے دائرے میں ہی کام کرتا ہوں۔
یہ سن کر کلر ک مایوس ہو کر آفس سے باہر آگیا۔	 کلرک مایوس ہو کر باہرآگیا۔
دوسرے دن صاحب اُداس نظر آئے۔	دوسرے دن صاحب اُداس نظر آئے
تو کلرک نے اُداسی کی وجہ پوچھی۔	کلرک نے اُداسی کی وجہ پوچھی۔
صاحب نے کہا، میری بیٹی کے لیے رشتہ آیا ہے۔	صاحب نے کہا، بیٹی کے لیے رشتہ آیا ہے
لڑکا اچھا ہے لیکن وہ لوگ پچاس ہزار فورا مانگ رہے ہیں۔مگر میرے پاس--وہ کہتے کہتے رُک گیا۔	لڑکا اچھا ہے لیکن وہ لوگ پچاس ہزار مانگ رہے ہیں لیکن میرے پاس نہیں ہیں۔
پھر کلرک نے سر آہستہ  انداز میں صاحب سے بات کیي۔	کلرک نے صاحب سے بات آہستہ کیي-
دوسرے دن سبھی فائلوں پر صاحب کی دستخط ہو چکا تھا اور صاحب نے اپنی بیٹی کی شادی کی تیاری کے لئے ادارے سے ایک مہینے کی چٹھی بھی لے لی تھی۔	دوسرے دن صاحب نے فائلوں پردستخط کر کے  اپنی بیٹی کی شادی  کے لئے ایک مہینے کی چٹھی بھی لے لی تھی۔
وہ اس شہر کا مشہور و نامور محقق، ادیب و شاعر تھا۔	وہ اس شہر کا مشہورادیب و شاعر تھا۔
ادبی دنیا کے نقشے میں وہ شہر اُسی کے نام سے پہچانا جاتا تھا۔	وہ شہر اُس کے نام سے پہچانا جاتا تھا۔
لیکن اُس کے عزت کے نام سے جڑے اس بڑے شہر میں اُس کا اپنا ذاتی ایک چھوٹا سا مکان بھی نہ تھا۔	لیکن اُس بڑے شہر میں اُس کا چھوٹا سا مکان بھی نہ تھا۔
وہ کرایہ کے مکان میں اپنی محنت کرکے شہر کے ادبی عزت کو قائم رکھے ہوئے تھا۔	وہ کرایہ کے مکان میں محنت کرکے شہر کے ادبی عزت کو قائم رکھے ہوئے تھا۔
وہ دو لاکھ روپے کا قرض دار تھا۔	وہ  قرض دار تھا
روزانہ ہی لوگ اپنا روپیہ لینے کے لئے اُس کے دروازے پر دستک دیتے۔	روزانہ لوگ اپنا روپیہ لینے کے لئے اُس کے پاس آجاتے۔
ایک دن اُس نے اُن لوگوں سے نجات پانے کا راستہ ڈھونڈا اور اس زندگی سے نجات پانے کے لئے ایک کھیت کے ویران کنویں کی طرف خود کشی کے لیے چل پڑا۔	اُس نے اُن لوگوں سے نجات پانے کے لئے ایک ویران کنویں کی طرف خود کشی کے لیے چل پڑا۔
وہاں پہنچنے پر اُس نے دیکھا کہ کنویں کے قریب بہت سے لوگ جمع ہے۔	اُس نے دیکھا کہ کنویں کے قریب لوگ جمع ہے۔
لوگ ایک شخص کا ہاتھ پکڑے اُسے سمجھا رہے ہیں۔	لوگ ایک شخص کو سمجھا رہے ہیں
لیکن وہ خود کشی کرنے پر ضد کر رہا ہے۔	لیکن وہ خود کشی کرنے پر ضدکر رہا ہے
وہ جیسے ہی لوگوں میں سے گزر کر اُس کے قریب پہنچا۔	وہ جیسے ہی اُس کے قریب پہنچا
ایک شخص نے اُس سے کہا ذرا اس شخص کو سمجھائیے یہ خود کشی کرنا چاہتا ہے۔	کیسی نے کہا اس شخص کو سمجھائیے یہ خود کشی کرنا چاہتا ہے
وہ آگے بڑھا اور پھر اُس نے اُسے زندگی کو زندہ دلی کے ساتھ جینے کا حوصلہ دیا۔	وہ آگے بڑھا اوراُسے زندگی کوجینے کا حوصلہ دیا۔
کنویں میں اپنے پیر لٹکائے شخص نے اُس کی باتیں غور سے سنی اور خود کشی کرنے کا ارادہ چھوڑ کے اُٹھ کھڑا ہوا اور اُس سے گلے ملتے ہوئے کہنے لگا۔	 شخص نے اُس کی باتیں غور سے سن کے اُٹھ کھڑا ہوا اور اُس سے گلے ملتے ہوئے کہنے لگا۔
دوست تم واقعی زندہ دل انسان ہو۔	تم زندہ دل انسان ہو
تمھاری باتیں مجھ پر اثر کر گئیں۔	تمھاری باتیں مجھ پر اثر کر گئیں
تم میرے لئے زندگی کا فرشتہ بن کر آئے۔	تم میرے لئے فرشتہ بن کر آئے
پھر و ہ دونوں ایک دوسرے کے گلے میں ہاتھ ڈالے لوگوں کے ہجوم سے نکل کر گاؤں کی جانب چل پڑے۔	دونوں گلے میں ہاتھ ڈالے چل پڑے۔
رات تین بجے کا وقت تھا۔	رات کا وقت تھا۔
سب لوگ سو رہے تھے	سب لوگ سو رہے تھے،
لیکن وہ اب بھی ایک موم بتی کی روشنی میں بیٹھا کچھ پڑھ رہا تھا۔	لیکن وہ اب بھی بیٹھا کچھ پڑھ رہا تھا۔
دل میں بہت سے مقاصد لئے محنت کرنے میں مصروف تھا۔	 محنت کرنے میں مصروف تھا۔
یہ سکندر تھا جو ایک غریب گھرانے سے تعلق رکھتا تھا۔	 یہ سکندر تھا جو ایک غریب گھرانے سے تھا۔
اس کی عمر تقریباً پندرہ سال تھی۔	اس کی عمر  پندرہ سال تھی۔
اسے پڑھنے کا بہت شوق تھا 	اسے پڑھنے کا شوق تھا ،
مگر اس کے پاس فیس کے لئے پیسے نہ تھے۔	مگر اس کے پاس فیس کے لئے پیسے نہ تھے۔
وہ اپنے ابا کے ساتھ سردار صاحب کے گھر ملازمت کرتا تھا۔	وہ اپنے ابا کے ساتھ سردار صاحب کے گھر ملازمت کرتا تھا۔
سردار کا بھی ایک بیٹا تھا۔	سردار کا  ایک بیٹا تھا۔
جس کا نام حیدر تھا۔	جس کا نام حیدر تھا۔
وہ حیدر سے اس کی پرانی کلاسوں کی کتابیں لے کر پڑھتا تھا۔	وہ اس کی کتابیں لے کر پڑھتا تھا۔
اس طرح پانچویں جماعت تک تو پڑھ لیا،	اس طرح پانچویں جماعت تک تو پڑھ لیا،
مگر آگے پڑھائی مشکل تھی۔	مگر آگے پڑھائی مشکل تھی۔
اب حیدر کی کتابوں سے پڑھنا ناممکن تھا۔	اب حیدر کی کتابوں سے پڑھنا ناممکن تھا۔
انہی سوچوں میں کب رات گزری پتا ہی نہیں چلا۔	رات گزری-
اگلی صبح سکندر اپنے باپ کے ساتھ کام پر جانے کے لئے تیار ہوا۔	اگلی صبح سکندر کام پر جانے کے لئے تیار ہوا۔
آج وہ کچھ اُداس سا تھا۔	آج وہ کچھ اُداس سا تھا۔
کام میں بھی کچھ دل نہ لگ رہا تھا۔	کام میں بھی کچھ دل نہ لگ رہا تھا۔
تب ہی سردار صاحب کا ایک دوست گھر آیا۔	سردار صاحب کا ایک دوست گھر آیا۔
جب اس نے سکندر کو پریشان دیکھا تو اس سے وجہ پوچھی۔	جب اس نے سکندر کو پریشان دیکھا
پہلے تو سکندر کچھ ہچکچایا،لیکن پھر سب کچھ کہہ ڈالا۔	 تو اس سے وجہ پوچھی۔
سردارصاحب کے دوست بولے:”بیٹا!وقت بدلتے پتا نہیں چلتا۔	سکندر سب کچھ کہہ ڈالا۔
کب لاٹھی کس کے ہاتھ میں ہو۔ایک وقت تھا کہ میں تمہاری جگہ میں موجود تھا۔	  کب انسان بوڑھ اہو سردارصاحب کے دوست بولے:بیٹا!وقت بدلتے پتا نہیں چلتا۔
یہ سن کر سکندر حیران ہو گیا۔	ایک وقت تھا کہ میں تمہاری جگہ میں موجود تھا۔
”ہاں بیٹا! ٰیہی سچ ہے! لیکن اس وقت ایک ہمدرد آدمی نے میری مدد کی تھی اور مجھ سے وعدہ لیا تھا	سکندر حیران ہو گیا۔
 کہ میں بھی کسی ضرورت مند طالب علم کی مدد کروں گا۔	اس وقت ایک آدمی نے میری مدد کی تھی اور مجھ سے وعدہ لیا تھا کہ کسی ضرورت مند کی مدد کروں گا۔
تو بیٹا! آج مجھے تمہاری صورت میں وہ ضرورت مند طالب علم مل گیا ہے۔	آج مجھے تمہاری صورت میں وہ ضرورت مند طالب علم مل گیا ہے۔
اب تمہیں بھی مجھ سے وعدہ کرنا ہو گا کہ تم بھی کسی ضرورت مند طالب علم کی مدد کرو گے۔“	اب تمہیں وعدہ کرنا ہو گا کہ تم ضرورت مند کی مدد کرو گے۔
یہ کہہ کر وہ سکندر کو لئے ایک سکول کی طرف بڑھے۔	 وہ سکندر کو سکول کی طرف بڑھے۔
وقت نے کیسے پہیے لگائے پتا ہی نہیں چلا۔	وقت پتا ہی نہیں چلا۔
آخر دس سال گزر گئے۔	دس سال گزر گئے۔
ایک بہت عمدہ اور چمک دار لباس میں ملبوس ایک شخص ٹیبل پر بیٹھا کھانا کھا رہا تھا۔	ایک بہت عمدہ لباس میں ایک شخص ٹیبل پر بیٹھا کھانا کھا رہا تھا۔
جب اس کی نظر ایک بچے پر پڑی جو کہ کاغذ کے ٹکڑے اکٹھے کر کے انھیں پڑھنے کی کوشش کر رہا تھا۔	جب اس کی نظر ایک بچے پر پڑی جو کہ کاغذ پڑھنے کی کوشش کر رہا تھا۔
اس کی آنکھوں کی چمک نے اسے اپنا بچپن یاد کرادیا۔	اسے اپنا بچپن یاد کرادیا۔
وہ آدمی سکندر تھا۔	وہ سکندر تھا۔
جب اس نے بچے کو دیکھا تو اسے سردار صاحب کے دوست سے کیا ہوا وعدہ یاد آیا۔	جب اس نے بچے کو دیکھا تو اسے وعدہ یاد آیا۔
وہ اپنی ٹیبل سے اُٹھ کر بچے کے قریب پہنچا اور اس کے سر پر ہاتھ رکھ دیا۔	وہ بچے کے قریب پہنچا اور اس کے سر پر ہاتھ رکھ دیا۔
گرمیوں کی لُو سے بھری ایک دوپہر تھی	گرمیوں کی دوپہر تھی
 جب وہ اسکول سے گھر لوٹا،	 جب وہ گھر لوٹا،
 گھر میں داخل ہوتے ہی اسے محسوس ہوا اجیسے ماں کے چہرے کا رنگ ایکدم تبدیل ہو گیا۔ماں سے دیکھ کر مسکرائی اور کہا،جلدی سے کپڑے بدل لو میں کھانا لاتی ہوں۔	گھر میں داخل ہوتے ہی ماں کہا، جلدی سے کپڑے بدل لو میں کھانا لاتی ہوں۔
جب وہ کپڑے بدل کر آیا تو سامنے سبزی یا دال کی جگہ کچھ اسکی پسندیدہ ڈش، ایک پیالی میں میٹھا اورگلاس میں ستو موجود تھا۔	جب وہ آیا تو سامنے اسکی پسندیدہ ڈش موجود تھا۔
اُس نے پوچھا امی آج اتنا کچھ؟ خیریت تو ہے؟	اُس نے پوچھا امی آج خیریت تو ہے؟
 ماں نے کہا ، ہاں مہمان آئے تھے اس لیے یہ سب بنایا۔	ماں نے کہا ،ہاں مہمان آئے تھے اس لیے یہ سب بنایا۔
 اُسنے کہا ، آپ بھی آ جائیں۔	 اُسنے کہا ، آپ بھی آ جائیں۔
ماں بولی، میں نے مہمانوں کے ساتھ کھا لیاتھا	ماں بولی،کھا لیاتھا
اب تو پانی کی جگہ بھی نہیں، تم کھاؤ نا ٹھنڈا ہو جائے گا	 تم کھاؤ نا ٹھنڈا ہو جائے گا،
، یہ کہہ کر ماں پھر سے کچن میں چلی گئی۔	ماں کچن میں چلی گئی۔
وہ روز منہ بنا کر کھانا کھاتا تھا لیکن آج پسند کا کھانا دیکھ کر جلدی جلدی سب چٹ کر گیا۔	 آج پسند کا کھانا دیکھ کر جلدی جلدی سب چٹ کر گیا۔
 برتن اُٹھا کر وہ جیسے ہی کچن میں داخل ہوا	 برتن اُٹھا کر وہ کچن میں داخل ہوا
 تو اُس نے دیکھا کہ دُنیا کی سب سے زیادہ جھوٹی عورت فرش پر بیٹھی کئی دنوں کے بھوکوں کی طرح باسی روٹی کو پانی میں ڈبو کر کھا رہی تھی۔	 تو اُس نے دیکھا کہ دُنیا کی جھوٹی عورت فرش پر بیٹھی باسی روٹی کوکھا رہی تھی۔
