Complex	Lexical simplification	
صبح ہوتے ہی بیٹے نے ملازمہ کے ہاتھوں ایک چٹھی دیکر اپنی والدہ کے پاس بھیجا۔	صبح ہوتے ہی بیٹے نے ملازمہ کے ہاتھوں ایک خط دیکر اپنی ماں کے پاس بھیجا۔	
چھٹی میں لکھا تھا۔ امی جان! کل آپ ہمارے گھر آئیں اور ہمارے بیٹے عاصم کو لیکر چلی گئیں۔	خط میں لکھا تھا۔ امی جان! کل آپ ہمارے گھر آئیں اور ہمارے بیٹے عاصم کو لیکر چلی گئیں۔	
 اگر ہم موجود ہوتے تو شاید اُسے آپ کے ہمراہ جانے نہ دیتے کیوں کہ وہ ہمیں جان سے زیادہ عزیز ہے،	اگر ہم موجود ہوتے تو شاید اُسے آپ کے ساتھ جانے نہ دیتے کیوں کہ وہ ہمیں بہت زیادہ پیارا ہے۔	
 اس کے بغیر ایک دن گزارنا ہمارے لئے محال ہے۔	 اس کے بغیر ایک دن گزارنا ہمارے لئے مشکل ہے۔	
 وہ نہیں تھا تو کل شام کا کھانا بھی کھایا نہ جا سکا۔	 وہ نہیں تھا تو کل شام کا کھانا بھی کھایا نہیں جا سکا۔	
 رات میں اس کی امی اور میں سو نہ سکے۔	 رات میں ہم سو نہ سکے۔  	
 ملازمہ کو بھیج رہا ہوں ہمارا بیٹا لوٹا دو۔	ملازمہ کو بھیج رہا ہوں ہمارا بیٹا واپس بھیج دیں - 	
ماں نے اپنے پوتے کو لوٹا دیا۔ مگر ساتھ میں ایک چھٹی بھی دی۔ 	ماں نے انکے بیٹےکو واپس بھیج دیا۔ مگر ساتھ میں ایک خط بھی دیا ۔	
 جس میں لکھا تھا۔ تمھیں اپنے بیٹے سے دوری کا کس قدر احساس ہوا۔	 جس میں لکھا تھا۔ تمھیں اپنے بیٹے سےدور ہونے کا کتنااحساس ہوا۔	
 اب تمہیں معلوم ہوا ہوگا کہ بیٹے کی جدائی کا غم کیا ہوتا ہے۔ 	 اب تمہیں معلوم ہوا ہوگا کہ بیٹے کی دور ہونے کا غم کیا ہوتا ہے۔	
اپنی شادی ہو جانے کے بعد تم نے ہمارا چہرہ بھی دیکھناپسند نہ کیا۔ 	 اپنی شادی ہو جانے کے بعد بھی تم نے ہم سے ملنا مناسب نہ سمجھا-	
تمہارا ایک دن میں یہ حال ہوا ہے۔	تمہارا ایک دن میں یہ حال ہوا ہے۔	
ذرا سوچو! تم مجھ سے دس سال سے جدا ہو، میرا کیا حال ہو رہا ہوگا؟	ذرا سوچو! تم مجھ سے دس سال سےدور ہو، میرا کیا حال ہو رہا ہوگا؟	
لوگوں کی بھیڑ اُس جگہ جمع تھی جہاں ایک مزدور دو منزلہ عمارت سے گر کر مر چکا تھا	بہت سے لوگ اُس جگہ جمع تھے جہاں ایک مزدور دو منزلہ عمارت سے گر کر مر چکا تھا۔	
زمین پر دو پوسٹ کارڈ بھی اسکی جیب سے گر پڑے تھے ایک خط اسکی بیوی نے لکھا تھا۔	زمین پر دو خط بھی اسکی جیب سے گر پڑے تھے ایک خط اسکی بیوی نے لکھا تھا۔	
کل رات میں نے ایک بھیانک خواب دیکھا ہے۔	کل رات میں نے ایک ڈراونا خواب دیکھا ہے۔	
 آپ کام کرتے کرتے بہت اونچائی سے گر کر مالک حقیقی سے جا ملے ہیں۔	 آپ کام کرتے کرتے بہت اونچائی سے گر کر الله سے جا ملے ہیں ۔	
خدا نہ کرے ایسا ہو لیکن جب سے خواب دیکھا ہے میں بہت پریشان ہوں آپ فوراً چلے آؤ۔	 خدا نہ کرے ایسا ہو لیکن جب سے خواب دیکھا ہے میں بہت پریشان ہوں آپ اسی وقت چلے آؤ۔	
دوسرا خط مزدور نے اپنی بیوی کے خط کے جواب میں لکھا تھا۔	دوسرا خط مزدور نے اپنی بیوی کے خط کے جواب میں لکھا تھا۔	
 جسے وہ پوسٹ نہیں کر پایا تھا۔	جسےوہ بھیج نہ سکا-	
خط میں لکھا تھا۔میں یہاں خیریت سے ہوں تم پریشان کیوں ہوتی ہو۔	خط میں لکھا تھا۔میں یہاں خیریت سے ہوں تم پریشان کیوں ہوتی ہو۔	
 یاد رکھو خواب کبھی سچ نہیں ہوتے۔	 یاد رکھو خواب کبھی سچ نہیں ہوتے۔	
اس نے اپنے خط میں لکھا تھا- میں نے اجنبی زندگی سے سمجھوتہ کر لیا ہے۔	اس نے اپنے خط میں لکھا تھا- میں نےزندگی سے رضا مندی کر لی ہے- 	
 اب مجھے ساری خوشیاں مل گئی ہیں۔ میں بہت خوش ہوں۔	 اب مجھے ساری خوشیاں مل گئی ہیں۔ میں بہت خوش ہوں۔	
اب تم میرے بارے میں سوچا نہ کرو۔ 	اب تم میرے بارے میں سوچا نہ کرو۔ 	
خدا کرے تمہاری زندگی بھی تمہیں خوشیاں دیں۔	خدا کرے تمہاری زندگی بھی تمہیں خوشیاں دیں۔	
اس کا خط میں مشکل سے پڑھ پاتا ہوں۔	اس کا خط میں مشکل سے پڑھتا ہوں۔	
 کیونکہ سیاہی جگہ جگہ سے پھیلی ہوئی ہے۔	 کیونکہ خط کی سیاہی جگہ جگہ سے خراب ہوچکی ہے- 	
 میرے چہرے پر مسکراہٹ کی ایک ہلکی سی کرن نمودار ہوتی ہے اور پھر اس کے خیال کے دو موٹے موٹے آنسو میری پلکوں پر چمکتے ہیں اور خط پر بنے ہوئے باقی حرفوں کو بھی سیاہی بنا دیتے ہیں۔	 میرے چہرے پر مسکراہٹ کی ایک ہلکی سی کرن نمودار ہوتی ہے اور پھر اس کے یاد کے آنسو میرے آنکھوں میں اتے ہے اور خط پر بنے ہوئے باقی حرفوں کو بھی سیاہی بنا دیتے ہیں۔	
شاید یہ لکھنے کے لئے کہ "میں بھی بہت خوش ہوں، مجھے بھی ساری خوشیاں مل گئی ہیں۔ 	 ہوسكتا ہے یہ لکھنے کے لئے کہ میں بھی بہت خوش ہوں، مجھے بھی ساری خوشیاں مل گئی ہیں۔ 	
پلیز تم میرے بارے میں سوچا نہ کرو۔۔	مہربانی سے تم میرے بارے میں سوچا نہ کرو۔۔	
 دونوں بھائیوں نے جب ایک دوسرے کی بغل میں مکانات بنائے۔	دونوں بھائیوں نے جب ایک دوسرےکے ساتھ مکانات بنائے۔	
تو ایک نے تین منزلہ عمارت کھڑی کردی اور دوسرا بھائی تین کمروں پر مشتمل سادہ سا مکان بڑی مشکلوں سے بنا سکا۔	تو ایک نے بڑی عمارت کھڑی کردی اور دوسرا بھائی تین کمروں پر مشتمل سادہ سا مکان بڑی مشکلوں سے بنا سکا۔	
یوں تو دونوں بھائی ایک ہی محکمہ میں کلرک کے عہدے پر فائز تھے۔	ویسے تو دونوں بھائی ایک ہی ادارے میں کلرک کے نوکری پر فائز تھے۔	
فرق صرف ٹیبل کا تھا۔	 فرق صرف ایمانداری کا تھا- 	
وہ جس راستے پر چل رہا تھا خود نہیں جانتا تھا کہ وہ صراط مستقیم ہے یا پھر گمراہی کا راستہ۔ 	وہ جس راستے پر چل رہا تھا خود نہیں جانتا تھا کہ وہ سیدھا راستہ ہے یا پھر غلط راستہ - 	
اسے راہ میں ایک شخص ملا بھی تھا اس نے یہ کہہ کر اسے اپنے ساتھ لیا تھا کہ تم راستہ بھول گئے ہو۔	اسے راستے میں ایک شخص  بھی ملا تھا اس نے یہ کہہ کر اسے اپنے ساتھ لیا تھا کہ تم راستہ بھول گئے ہو۔	
آؤ میں تمہیں تمہاری منزل تک پہنچا دوں۔	آؤ میں تمہیں راستہ دیکھاؤں-	
بے چارہ نابینا مسافر کر تا بھی کیا وہ تو اپنے راستے کے نشانات خود نہیں دیکھ سکتا تھا چپ چاپ اس کے پیچھے ہو لیا۔	بے چارہ اندھا مسافر کر تا بھی کیا وہ تو اپنے راستے کے نشانات خود نہیں دیکھ سکتا تھا چپ چاپ اس کے پیچھےچلنے لگا -	
لیکن راستہ چلتے چلتے جب منزل قریب آ گئی تو پتہ چلا کہ وہ جس راستہ سے چل کر آیا ہےوہ تو گمراہی کا راستہ تھا اور راہ میں جس شخص نے اس کی راہ نمائی کی تھی وہ خضر نہیں بلکہ شیطان تھا وہ حواس کھو بیٹھا۔	لیکن راستہ چلتے چلتے جب دور تک آ گئے تو پتہ چلا کہ وہ تو غلط راستہ تھا اور جس شخص نے راستہ دکھایا تھا وہ فرشتہ نہیں شیطان تھا وہ ہوش کھو بیٹھا۔	
حیف۔۔! دنیا تو دنیا آخرت بھی تباہ ہو گئی۔	حیف۔۔!دنیا کےساتھ آخرت بھی تباہ ہو گئی۔	
اب وہ پچھتا رہا تھا اے کاش کہ وہ جاہل نہ ہوتا۔	اب وہ افسوس کررہا تھا اے کاش کہ وہ ان پڑھ نہ ہوتا۔	
علم کی آنکھیں اس کے پاس ہوتیں تو وہ ان آنکھوں کی روشنی میں اپنی کامیاب زندگی اور آخرت کے لئے سفر کا آغاز صراط مستقیم سے کرتا۔ 	علم کی روشنی ہوتی تو  وہ ان آنکھوں کی روشنی میں اپنی کامیاب زندگی اور آخرت کے لئے سفر کا شروع سیدھے راستے سے کرتا۔ 	
صحیح اور غلط سے واقف ہوتا -	صحیح اور غلط میں فرق کر سکتا-	
سفر میں وہ نہ راستہ بھولتا اور نہ ہی کوئی بہکا سکتا۔	سفر میں وہ نہ راستہ بھولتا اور نہ ہی کسی کی باتوں میں اتا-	
لیکن اب پچھتا نے سے کیا حاصل؟	لیکن اب افسوس کرنے سے کیا حاصل؟	
بہت دیر ہو چکی تھی زندگی کا سفر ختم ہو چکا تھا۔	بہت دیر ہو چکی تھی زندگی کا سفر ختم ہو چکا تھا۔	
اب تو جہنم اس کا انتظار کر رہی تھی۔	اب تو اسکا آخری وقت آچکا تھا-	
اخبار فروش نے جب تازہ اخبار دروازے کی دہلیز پر ڈالا تو میرا بیٹا اور میرے ضعیف والد دونوں دوڑ پڑے۔	اخبار والےنے جب آج کا اخبار دروازے پر ڈالا تو میرا بیٹا اور میرے بوڑھے والد دونوں دوڑ پڑے۔	
 مجھے یاد آیا کہ آج بد ھ ہے اخبار میں بچوں کا خصوصی صفحہ "بچپن" شائع ہوتا ہے۔	 مجھے یاد آیا کہ آج بد ھ ہے اخبار میں بچوں کا خصوصی صفحہ "بچپن" چھپتا ہے۔	
بیٹے نے جلدی سے دوڑ کر اخبار جھپٹ لیا اور بچوں کا صفحہ نکالنے لگا۔	بیٹے نے جلدی سے دوڑ کر اخبار چھین لیااور بچوں کا صفحہ نکالنے لگا۔	
ضعیف والد نے بھی اس صفحہ کو چھیننے کی کوشش کی۔	بوڑھے والد نے بھی اس صفحہ کو چھیننے کی کوشش کی۔	
دیکھتے ہی دیکھتے بچوں کا صفحہ پھٹ گیا۔ اور پھر وہ دونوں لڑ پڑے۔	تھوڑی دھیر میں بچوں کا صفحہ پھٹ گیا۔ اور پھر وہ دونوں لڑ پڑے۔	
فوزیہ تم آج بھی مجھے پریشان دکھائی دے رہی ہو۔ کہو کیا بات ہے؟	فوزیہ تم آج بھی مجھے پریشان دکھائی دے رہی ہو۔ کہو کیا بات ہے؟	
میرے سر تاج میں۔۔ میں آج بھی شاید خواب ہی دیکھ رہی ہوں کہ شہر کے مشہور و معروف دولت مند وکیل نے مجھ غریب اور مجبور لڑکی کو اپنایا۔	میرے شوہر میں۔۔ میں آج بھی شاید خواب ہی دیکھ رہی ہوں کہ شہر کے مشہور و معروف دولت مند وکیل نے مجھ غریب اور مجبور لڑکی کو اپنایا۔	
نہیں فوزیہ۔یہ خواب نہیں حقیقت ہے تم جانتی ہو بیوی کا انتقال ہو جانے کے بعد میں نے دوبارہ شادی نہ کرنے کا فیصلہ کر لیا تھا۔	نہیں فوزیہ۔یہ خواب نہیں سچ ہےتم جانتی ہو بیوی کےفوت ہونے کے بعد میں نے دوبارہ شادی نہیں کرنا چاہتا تھا۔	
کیونکہ مجھے اپنے بچوں سے بے انتہا محبت ہے اور میں اپنے بچوں کو ذہنی اذیت کا شکار ہونے نہیں دینا چاہتا تھا	اس لئے کہ مجھے اپنے بچوں سےبہت زیادہ محبت ہے اور انکو کو پریشان نہیں دیکھنا چاہتا تھا -	
لیکن جب والدین کی ضد بڑھتی گئی تو مجھے مجبور ہونا پڑا اور میں نے تمہیں شریک حیات بنانے کا فیصلہ کر لیا۔	لیکن جب والدین کی ضد کی وجہ سے مجھے مجبور ہونا پڑا اور میں نے تم سے شادی کرنے کا فیصلہ کر لیا۔	
تم حیران ہو کہ آخر میں نے تمہیں ہی پسند کیوں کیا ہے۔	تم حیران ہو کہ آخر میں نے تمہیں ہی پسند کیوں کیا ہے۔	
فوزیہ وجہ یہ ہے کہ میں نے پڑوس میں رہ کر تمہیں بچپن ہی سے اپنی سوتیلی ماں کے ہاتھوں پل پل دکھ جھیلتے اور اذیتیں اٹھاتے ہوئے دیکھا ہے۔	فوزیہ وجہ یہ ہے کہ میں نے پڑوس میں رہ کر تمہیں بچپن ہی سے اپنی سوتیلی ماں کی وجہ سے دکھ سہتے ہوئے دیکھا ہے۔	
تم ہمیشہ سلگتی اور بکھرتی رہی ہو۔	تم ہمیشہ اداس رہی ہو۔	
میں نے سوچا تم نے سوتیلے پن کا کرب سہا ہے تم اس درد کو محسوس کرتی ہو لہذا ان معصوم بچوں کو وہ دکھ کبھی نہیں دو گی جو تم نے جھیلے ہیں۔	میں نے سوچا تم نے سوتیلے ہونے کا دکھ سہا ہے تم اس درد کو محسوس کرتی ہو اس لئے ان معصوم بچوں کو وہ دکھ کبھی نہیں دو گی جو تم نے سہے ہیں۔	
جب بھی اسے کوئی نماز پڑھنے کی تلقین کرتا تو وہ یہی کہتا۔ 	جب بھی اسے کوئی نماز پڑھنے کے لئے کہتا تو وہ یہی کہتا۔ 	
ملازمت سے سبکدوش ہونے دو۔ پھر داڑھی رکھ کر ایک مسجد کا کونا سنبھال لوں گا۔	ملازمت سے فارغ ہونے دو۔ پھر داڑھی رکھ کر ایک مسجد کا کونا سنبھال لوں گا۔	
ملازمت سے سبکدوش ہوا تو اس نے بچوں کے لئے ایک عالیشان مکان بنانے کا ارادہ کیا ۔	ملازمت سےفارغ ہوا تو اس نے بچوں کے لئے ایک بڑھا مکان بنانے کا ارادہ کیا۔	
تقریباً ایک سال کا عرصہ اپنی مرضی کے بام و در بنانے میں گزر گیا۔	تقریباً ایک سال کا عرصہ اپنی مرضی کے گھر  بنانے میں گزر گیا۔	
آج مکا ن کا ا فتتاح تھا۔ 	آج مکا ن کا آغاز تھا۔	
برقی قمقموں سے عالیشان عمارت جگمگا رہی تھی۔	بجلی کی چراغوں سےبڑی عمارت جگمگا رہی تھی۔	
اس کے قدم سجدہ شکر کے لئے مسجد کی جانب چل پڑے۔ 	اس کے قدم شکرانے کی نماز کے لئے مسجد کی  طرف چل پڑے۔ 	
اس نے اب طے کر لیا تھا کہ وہ کل سے اپنا زیادہ تر وقت مسجد میں گزارے گا اور ا ﷲ تعالیٰ کی عبادت کرے گا۔	اس نے فیصلہ کر لیا تھا کہ وہ کل سے اپنا زیادہ تر وقت مسجد میں گزارے گا اورﷲ تعالیٰ کی عبادت کرے گا۔	
ابھی وہ مسجد کی سیٹرھیاں چڑھ ہی رہا تھا کہ اس کی حرکت قلب بند ہو گئی اور مسجد کے باہر ہی اس کی روح پرواز کر گئی۔	ابھی وہ مسجد میں داخل ہو رہا تھا کہ اس کی دڑھکن رک گئی اور مسجد کے باہر ہی وہ فوت ہو گیا -	
گاؤں کے اس فقیر کی شادی ہو گئی۔	گاؤں کے اس غریب کی شادی ہو گئی۔	
جو دونوں آنکھوں سے اندھا تھا۔	جو دونوں آنکھوں سے اندھا تھا۔	
لیکن افسوس کہ جس لڑکی سے اس کی شادی ہوئی اﷲ تعالیٰ نے اس کی آنکھیں بھی بچپن ہی میں چھین لی تھیں۔	لیکن افسوس کہ جس لڑکی سے اس کی شادی ہوئی  وہ بھی اندھی تھی- 	
وہ دونوں ایک دوسرے کا سہارا ہوتے ہوئے بھی بے سہارا تھے	دونوں ایک دوسرےکے لئے بے سہارا تھے-	
لیکن جب میں چھ سات سال بعد اپنے گاؤں واپس لوٹا تو دیکھا کہ وہ دونوں اپنے بچہ کے سہارے چل رہے تھے۔	لیکن جب میں کچھ سال سال بعد اپنے گاؤں واپس آیا تو دیکھا کہ وہ دونوں اپنے بچہ کے سہارے چل رہے تھے۔	
جس کی آنکھیں بڑی خوبصورت تھیں!	جس کی آنکھیں پیاری تھیں-	
بس اپنا توازن کھو چکی تھی۔	بس اپنا توازن کھو چکی تھی ۔	
چالیس مسافر جان بحق ہو چکے تھے۔	چالیس مسافر مر چکے تھے۔	
بس کھائی میں گرتے ہی خدمت گار وہاں پہنچ گئے۔	بس گہرائی میں گرتے ہی مدد کرنے والے وہاں پہنچ گئے۔	gehrai 
زندگی اور موت کے بیچ سانسیں گن رہے جسموں سے بچاؤ بچاؤ کی آوازیں آ رہی تھیں۔	زخمی جسموں سے  بچاؤ بچاؤ کی آوازیں آ رہی تھیں۔	
لیکن خدمت گار انھیں بچانے کی بجائے وہ ان مردہ عورتوں کو اپنے کاندھوں پر لیے اسپتال کی جانب دوڑ رہے تھے جو زیورات سے لدی پھندی تھیں!!	لیکن مدد کرنے والے انھیں بچانے کی بجائے وہ ان مردہ عورتوں کو اپنے کاندھوں پر لیے اسپتال کی جانب دوڑ رہے تھے جو زیورات سے لدی پھندی تھیں!!	
تم خاموش کیوں رہتی ہو۔۔۔؟	تم خاموش کیوں رہتی ہو۔۔۔؟	
میں؟ نہیں تو؟ اُس نے مصنوعی ہنسی ہونٹوں پر چسپاں کرنے کی کوشش کی۔	میں؟ نہیں تو؟ اُس نے بناوٹی ہنسنے کی کوشش کی۔	
 نہیں تم ضرور کچھ نہ کچھ سوچتی رہتی ہو۔ 	 نہیں تم ضرور کچھ تو سوچتی رہتی ہو۔ 	
اور تمہارے وہ خیالات تمہارے چہرے پر اداسی کا پردہ ڈال دیتے ہیں۔	اور تمہارے وہ خیالات تمہیں اداس کردیتے ہیں۔	
میرا خیال ہے تم اُسے ابھی تک نہیں بھولیں۔ 	میرا خیال ہے تم اُسے ابھی تک نہیں بھولیں۔ 	
آخر تم اُسے بھول کیوں نہیں جاتیں۔	آخر تم اُسے بھول کیوں نہیں جاتیں۔	
یہ سن کر اسکے چہرے پر زہریلی مسکراہٹ پھیل گئی۔	یہ سن کر اسکے چہرے پر طنزیہ مسکراہٹ پھیل گئی۔	
کون کس کو بھولتا ہے راکیش؟	کون کس کو بھولتا ہے راکیش؟	
اُس نے رومال آنکھوں کے قریب لے جاتے ہوئے کہا۔	اُس نے روتے ہوئے کہا۔	
رادھا آج،آج تم نے میرے دل کی بات کہہ دی۔	رادھا آج،آج تم نے میرے دل کی بات کہہ دی۔	
میں جب بھی اُس طرف سے گزرتا جیوتش کو ہمیشہ ہی آدمیوں کے بیچ گھرا پاتا۔	میں جب بھی وہاں سے گزرتا نجومی کو ہمیشہ ہی آدمیوں نے گیرا ہوتا۔	
وہ ہاتھوں میں کھینچی آڑی ترچھی لکیروں کو پڑھ کر لوگوں کو اُن کی قسمت کے فیصلوں سے آگاہ کرتا تھا۔	وہ ہاتھوں میں کھینچی آڑی ترچھی لکیروں کو پڑھ کر لوگوں کو اُن کی قسمت کے فیصلوں سے آگاہ کرتا تھا۔	
ایک دن میں بھی اس بھیڑ میں چلا گیا لیکن میری باری آنے تک بہت رات ہو چکی تھی۔	ایک دن میں بھی اس ہجوم میں چلا گیا لیکن میری باری آنے تک بہت رات ہو چکی تھی۔	
 وہ ہماری جانب دیکھ کر کہنے لگا۔	وہ ہماری طرف دیکھ کر کہنے لگا۔	
 تم لوگوں کی بھوش وانی" میں کل بتاؤں گا کل تم ضرور آنا۔	تم لوگوں کی قسمت کے بارے میں میں کل بتاؤں گا کل تم ضرور آنا۔ 	
میں تمہیں یہیں ملوں گا۔	میں تمہیں یہیں ملوں گا۔	
دوسرے دن جب ہم وہاں پہنچے تو پتہ چلا کہ دوسروں کی قسمت کی لکیروں کو پڑھنے والا خود اپنی قسمت کی لکیروں سے نا آشنا تھا۔	دوسرے دن جب ہم وہاں پہنچے تو پتہ چلا کہ دوسروں کی قسمت کی لکیروں کو پڑھنے والا خود اپنی قسمت کی لکیروں نہیں جانتا تھا۔	
وہ تو آج صبح ہی اِس دنیا سے کوچ کر چکا	وہ تو آج صبح ہی فوت ہو گیا ہے 	
وہ غریبوں کی بستی اندرا نگر میں پیدا ہوا تھا۔	وہ غریبوں کے گاؤں اندرا نگر میں پیدا ہوا تھا۔	
بچپن بھی اسی بستی میں گزرا لیکن جب بڑا ہو ا تو خوش نصیبی سے سعودی عرب چلا گیا۔	بچپن اسی گاؤں میں گزرا لیکن جب بڑا ہو ا تو خوش قسمتی سے سعودی عرب چلا گیا۔	
دس سال بعد جب و ہ وطن لوٹ کر اپنی بستی میں پہنچا تو اسکے منہ پر سفید رومال تھا اور وہ پیشانی پر بل ڈالے اپنے ہی بچپن کے ساتھیوں سے ان کا تعارف پوچھ رہا تھا۔	دس سال بعد جب و ہ وطن واپس آکر اپنے گاؤں آیا تو اسکے منہ پر سفید رومال تھا اور وہ ماتے پر بل ڈالے اپنے ہی بچپن کے دوستوں  سے ان کا نام پتہ پوچھ رہا تھا۔	
وہ اردو زبان کا مشہور و معروف محقق ادیب و شاعر تھا۔	وہ اردو زبان کا مشہور و نامور محقق ادیب و شاعر تھا۔	
اس نے اپنی زندگی میں اردو زبان و ادب کی ترقی اسکی اشاعت اور مادری زبان کی اہمیت اور ضرورت پر سینکڑوں مقالے لکھے تھے۔	اس نے اپنی زندگی میں اردو زبان وادب کی ترقی اسکی چھپنے اور اپنی زبان کی اہمیت اور ضرورت پر سینکڑوں مقالے لکھے تھے۔	
ایک دن اچانک اس کا انتقال ہو گیا	ایک دن اچانک وہ فوت ہو گیا-	
اس کی حادثاتی موت کے دو ماہ بعد انکے فرزندوں نے اپنے والد کی کتابوں کا اثاثہ باہر نکالا۔	اس کی  اچانک موت کے دو مہینے بعد انکے بیٹوں  نے اپنے والد کی کتابوں کو باہر نکالا۔	
کتابوں سے کئی الماریاں پُر تھیں۔	کتابوں سے کئی الماریاں بھری تھی۔	
 پاس پڑوس کے لوگ کتابوں کی الماریوں کے اطراف ہاتھ باندھے کھڑے تھے اور ان کے بچے اس اثاثہ کو کباڑی کی دکان پر لے جانے کی تیاری کر رہے تھے۔	 پاس پڑوس کے لوگ کتابوں کی الماریوں کے ارد گرد  ہاتھ باندھے کھڑے تھے اور ان کے بچے کتابوں کو پرانے سامان لینے والے کو دینے کی کی تیاری کر رہے تھے۔	
وہ اثاثہ اب انکے کسی کام کا نہ تھا کیونکہ انکی پوری تعلیم انگلش میڈیم سے ہوئی تھی۔	وہ  کتابیں اب انکے کسی کام کی نہ تھی کیونکہ انکی پوری تعلیم انگلش میڈیم سے ہوئی تھی۔	
میں تمہیں کیسے سمجھاؤں فرح!	میں تمہیں کیسے سمجھاؤں فرح!	
یہ تو ایک بے جوڑ رشتہ ہے-	یہ تو ایک غلط رشتہ ہے-	
جس سے مجھے زبردستی باندھ دیا گیا ہے۔	جس سے میری مرضی کی بغیر شادی کر دی گئ۔	
میں نے نہ تو کبھی اُسے چاہا اور نہ ہی کبھی چا ہوں گا۔	میں نے نہ تو کبھی اُسے چاہا اور نہ ہی کبھی چا ہوں گا۔	
یہ روشن حقیقت ہے کہ میں نے تم سے محبت کی ہے۔	یہ سچ ہے کہ میں نے تم سے محبت کی ہے۔	
میرے دل کے نہاں خانے میں بس تم ہی تم ہو۔	میرے دل کے  گہرایی میں بس تم ہی تم ہو۔	
میں ہمیشہ تمہارا ہی رہوں گا۔	میں ہمیشہ تمہارا ہی رہوں گا۔	
وہ کتنی بد نصیب ہے کہ میری ہو کر بھی میں اسکا نہ ہو سکوں گا۔	وہ کتنی بد قسمت ہے کہ وہ میری ہو کر بھی میں اسکا نہیں ہو سکوں گا۔	
وہ زندگی بھر سائے کی طرح ساتھ ساتھ رہے گی مگر قربتوں کی یہ دوریاں ختم نہ کر سکیں گی۔	وہ زندگی بھرساتھ رہے گی مگر یہ دل کی دوریاں ختم نہ کر سکے گی۔	
فرح محبت جسم سے نہیں روح سے ہوتی ہے اور سچی بات تو یہ ہے۔	فرح محبت جسم سے نہیں دل سے ہوتی ہے اور سچی بات تو یہ ہے۔	
کہ میں نے فریب تمہیں نہیں بلکہ اُسے دیا ہے شاید کہ تم سمجھ سکو۔	کہ میں نے دوکھا تمہیں نہیں بلکہ اُسے دیا ہے شاید کہ تم سمجھ سکو۔	
کانٹا کہہ رہا تھا۔	کانٹا کہہ رہا تھا۔	
میں بظاہر بہت چھوٹا ہوں لیکن بہت طاقتور ہوں میری فطرت میں چبھنا ہے۔	میں  دیکھنےمیں بہت چھوٹا ہوں لیکن بہت طاقتور ہوں میری عادت میں چبھنا ہے۔	
 میں کسی بھی شئے کو تکلیف پہنچا کر اُسے مٹا سکتا ہوں۔	 میں کسی بھی چیز کو تکلیف پہنچا کر اُسے مٹا سکتا ہوں۔	
یہ پھول۔ یہ شاخ۔ یہ درخت سب میرے نزدیک حقیر و کمتر ہیں۔	یہ پھول۔ یہ شاخ۔ یہ درخت سب میرے نزدیک چھوٹے ہیں۔	
 پھر ایک دن اُس نے جس شاخ پر جنم لیا تھا۔	 پھر ایک دن اُس نے جس شاخ پروہ پیدا ہوا تھا- 	
اُسے ہی چبھ کر تکلیف دینے لگا لیکن اُسے مٹانے کی کوشش میں وہ خود ہی زمین پر آرہا۔	اُسے ہی چبھ کر تکلیف دینے لگا لیکن اُسے ختم کرنے کی کوشش میں وہ خود ہی زمین پر آرہا۔	
 تب اُسے معلوم ہوا کہ درخت تو بڑا تناور ہے۔	 تب اُسے معلوم ہوا کہ درخت تو بڑا مضبوط ہے۔	
وہ شاخ جس پر اُس نے جنم لیا تھا۔	وہ شاخ جس پروہ پیدا ہوا تھا- 	
اب بھی سر سبز و شاداب ہے۔	اب بھی سر سبز و ہرا بھرا  ہے۔	
 پھول اپنی خوشبو سے ماحول کو حسب معمول معطر کر رہے ہیں۔	 پھول اپنی خوشبو سے ماحول کو روز کی طرح خوشبو دار کر رہے ہیں۔	
وہ جنھیں حقیر و ذلیل سمجھتا تھا وہ تو بلند و برتر ہیں۔	وہ جنھیں چھوٹا سمجھتا تھا وہ تو بلند ہیں۔	
حقیر و ذلیل تو وہ خود ہے۔	چھوٹا تو وہ خود ہے۔	
بیوی کے مر جانے کے بعد اُس کے اکلوتے بیٹے راجیش کا بھی انتقال ہو گیا اور گھر میں صرف وہ اور اسکی بہو رہ گئی۔	بیوی کے مر جانے کے بعد اُس کے واحد  بیٹے راجیش کا بھی انتقال ہو گیا اور گھر میں صرف وہ اور  اسکی بہو رہ گئی۔	
چونکہ بہو کا بھی کوئی وارث نہیں تھا۔	چونکہ راجیش کی بیوی  کا بھی کوئی خیال رکھنے والا نہیں تھا۔	
اس لئے وہ کہیں جانے کی بجائے گھر ہی میں رہنے لگی۔	اس لئے وہ کہیں جانے کی بجائے گھر ہی میں رہنے لگی۔	
وقت بیتتا گیا۔	وقت گزرتا گیا۔	
دو ماہ بعد دونوں گاؤں چھوڑ کر شہر چلے گئے وہاں ایک نئے رشتہ نے جنم دیا۔	دو مہینے بعد دونوں گاؤں چھوڑ کر شہر چلے گئے وہاں شادی کر لی۔	
اور پھر نئے شہر میں وہ دونوں میاں بیوی کی حیثیت سے پکارے جانے لگے۔	اور پھر  نئے شہر میں وہ دونوں میاں بیوی کے طور پر پکارے جانے لگے۔	
الیکشن سے پہلے۔	الیکشن سے پہلے۔	
کیا تم نے مزدوروں کی مدد کے لئے سارا انتظام کر لیا ہے؟	کیا تم نےغریبوں کی مدد کے لئے سارا انتظام کر لیا ہے؟	
جی سر	جی سر	
جاؤ انھیں ہمارے اسٹیج کے سامنے بٹھاؤ۔	جاؤ انھیں ہمارے اسٹیج کے سامنے بٹھاؤ۔	
اور ان کا ہر طرح سے خیال رکھنا۔ وہ ہمارا ووٹ بینک ہے۔	اور ان کا ہر طرح سے خیال رکھنا۔ وہ ہمارے سارے ووٹ  ہے۔	
الیکشن کے بعد	الیکشن کے بعد	
کیا پروگرام کی ساری تیاریاں ہو چکی ہیں؟	کیا پروگرام کی ساری تیاریاں ہو چکی ہیں؟	
جی سر۔	جی سر۔	
 میرے پروگرام میں کم از کم آٹھ دس ہزار سامعین ہونے چاہئے۔	 میرے پروگرام میں کم از کم آٹھ دس ہزار سُننے والے ہونے چاہئے۔	
 ہم پوری کوشش کر رہے ہیں سر۔	 ہم پوری کوشش کر رہے ہیں سر۔	
 لیکن خیال رہے اسٹیج کے سامنے سبھی سوٹ بوٹ والے لوگوں کو بٹھانا اور مزدور پیشہ لوگوں کو نعرے لگانے اور تالیاں بجانے کے لئے پیچھے کھڑے کر دینا۔	 لیکن خیال رہے اسٹیج کے سامنے سبھی امیر لوگوں کو بٹھانا اور غریب لوگوں کو نعرے لگانے اور تالیاں بجانے کے لئے پیچھے کھڑے کر دینا۔	
جی سر 	جی سر 	
تم یہاں کیوں آتی ہو؟	تم یہاں کیوں آتی ہو؟	
تم سے ملنے	تم سے ملنے	
لیکن روزانہ آنے کی وجہ؟	لیکن ہردن  آنے کی وجہ؟	
میں نہیں جانتی۔ لیکن اتنا ضرور ہے کہ آپ سے ملنے کے بعد ہی میرے دل کو قرار آتا ہے۔	میں نہیں جانتی۔ لیکن اتنا ضرور ہے کہ آپ سے ملنے کے بعد ہی میرے دل کو سکون آتا ہے۔	
سنو۔ یہ پاگلوں کی سی باتیں نہ کرو میں نے محبت سے توبہ کر لی ہے۔	سنو۔ یہ پاگلوں کی طرح باتیں نہ کرو میں نے محبت سے توبہ کر لی ہے ۔	
 یوں بھی میرے دل میں کئی درد پل رہے ہیں۔ میرا دل زخموں سے چور ہے۔	ویسے بھی میرے دل میں بہت غم پل رہے ہیں۔ میرا دل زخموں سے بھرا ہے۔	
 میں جانتی ہوں اسی لئے اُن زخموں کو مندمل کرنے کے لئے کہہ رہی ہوں۔	میں جانتی ہوں اسی لئے اُن غموں کو کم کرنے کے لئے کہہ رہی ہوں۔	
ایک زخم اور سہی	ایک زخم اور سہی	
میں اس راستے پر چل پڑا جس راستے پر تم مجھے ہمیشہ ملا کرتی تھیں	میں اس راستے پر چلنے لگا جس راستے پر تم مجھے ہمیشہ ملتی تھی- 	
لیکن اس مرتبہ جب تم مجھے نہیں ملیں تو میں پریشان ہو گیا اور پھر نا امید ہو کر اس راستے پر نکل پڑا جسے نہ تم پسند کرتی تھیں اور نہ ہی میں۔	لیکن اس بار جب تم مجھے نہیں ملیں تو میں پریشان ہو گیا اور پھر مایوس ہو کر اس راستے پر نکل پڑا جسے نہ تم پسند کرتی تھیں اور نہ ہی میں۔	
لیکن اسی راستے پر تم مجھے اچانک مل گئیں	لیکن اسی راستے پر تم مجھے اچانک مل گئیں۔	
جنازہ کے پیچھے پیچھے جانے والے لوگوں کو حیرت تھی کہ شریک حیات کا انتقال ہو جانے پر بھی اسکی آنکھوں سے آنسو نہیں نکلے۔	جنازہ کے پیچھے پیچھے جانے والے لوگ حیران تھے کہ بیوی کے فوت ہو جانے پر بھی رویا نہیں۔	
بھیڑ میں کسی نے سر گوشی کی ہو سکتا ہے اس سانحہ پر اُسے کوئی غم ہی نہ ہوا ہو۔	لوگوں میں کسی نے کہا ہو سکتا ہے اس واقعہ پر اُسےغم ہی نہ ہو۔	
لیکن شاید لوگوں کو اس کا علم نہ تھا	لیکن ہو سکتا ہے کہ لوگوں کواسکی خبر نہ ہو-	
کہ اُسے غم کھانے اور آنسو پینے کا ہنر بھی آتا ہے۔	کہ اُسے غم چھپانے کا ہنر بھی آتا ہے۔	
دوسرے دن وہ تنہائی کی چادر اوڑھے خاموش رہنے لگا۔	دوسرے دن وہ تنہا ،خاموش رہنے لگا۔	
روزانہ صبح اٹھ کر قبرستان جاتا، اس کا معمول بن گیا اور پھر چار ماہ بعد یہ خبر بھی حیرت و استعجاب میں ڈوبے لوگوں کو سنا دی گئی۔	روزانہ صبح اٹھ کر قبرستان جاتا، اس کا عادت بن گئی اور پھر چار مہینے بعد یہ خبر بھی حیرت میں ڈوبے لوگوں کو سنا دی گئی۔	
کہ شریک حیات کی موت پر آنسو نہ بہانے والا حرکت قلب بند ہو جانے پر اس دار فانی سے کوچ کر گیا ہے۔	کہ بیوی کی موت پر  نہ رونے والا دل کی دڑھکن بند ہو جانے پر  اس دنیا سے چلا گیا ہے۔ 	
میں نے سنا ہے۔  آج خالی اسامیوں کے لئے آپ نے امیدواروں کا انٹر ویو لیا ہے۔	میں نے سنا ہے- آج خالی سیٹوں کے لئے آپ نے امیدواروں کا انٹر ویو لیا ہے۔	
جی ہاں۔	جی ہاں۔	
 تو کیا امیدواروں کا سلیکشن ہو گیا۔؟	 تو کیا امیدواروں کا سلیکشن ہو گیا۔؟	
جی نہیں۔ یہ تو فارملٹی ہے۔	جی نہیں۔ یہ تو رسمن ہے۔	
 قانون کے دائرے میں رہنے کے لئے امیدواروں کا انٹر ویو لینا ہی پڑتا ہے۔ 	 قانون کے دائرے میں رہنے کے لئے امیدواروں کا انٹر ویو لینا ہی پڑتا ہے۔ 	
اصل انٹرو یو تو والدین کا ہوتا ہے۔	اصل انٹرو یو تو والدین کا ہوتا ہے۔	
اور وہ ابھی ہونا باقی ہے۔	اور وہ ابھی ہونا باقی ہے۔	
آج صبح ہی پولس آئی اور انکوائری کر کے سڑک کے کنارے پتلے کپڑے میں لپٹے نوزائیدہ بچہ کو پولس اسٹیشن لے جا کر انسپکٹر کے سامنے حاضر کر دیا۔	آج صبح ہی پولس آئی اور انکوائری کر کے سڑک کے کنارے پتلے کپڑے میں لپٹے چھوٹا سہ بچہ (جس کو پیدا ہوئے وقت نہیں ہوا ) کو پولس اسٹیشن لے جا کر انسپکٹر کے سامنے حاضر کر دیا۔	
 صاحب یہ بچہ سڑک کے کنارے پڑا ملا ہے۔	 صاحب یہ بچہ سڑک کے کنارے پڑا ملا ہے۔	
پوچھ تاچھ کی ہے؟	آس پاس سےپوچھا ہے؟	
 یس سر یہ بچہ دیپا نام کی لڑکی کا ہے۔	 یس سر یہ بچہ دیپا نام کی لڑکی کا ہے۔	
بچے کے سینے پر سفید داغ ہے اور  بس۔بس۔خاموش ہو جاؤ تم جا سکتے ہو۔"	بچے کے سینے پر سفید داغ ہے اور  بس۔بس۔خاموش ہو جاؤ تم جا سکتے ہو۔	
انسپکٹر کا سر چکرا گیا۔ وہ کسی پاگل کی طرح ادھر ادھر دیکھنے لگا۔	انسپکٹر کا سر چکرا گیا۔ وہ کسی پاگل کی طرح ادھر ادھر دیکھنے لگا۔	
 اور پھر ایک لمحہ بعد اپنی حالت پر قابو پا کر وہ شرٹ کا بٹن لگا رہا تھا تا کہ کوئی اسکے سینے کا سفید داغ نہ دیکھ لے۔	 اور پھر ایک لمحہ بعد سمبھل کر وہ شرٹ کا بٹن لگا رہا تھا تا کہ کوئی اسکے سینے کا سفید داغ نہ دیکھ لے۔ 	
معصوم بچہ جب روکھی سوکھی روٹی کھا کر اچھل کود کرتا تو ماں کہتی بیٹا زیادہ اچھل کود نہ کرور نہ تجھے بھوک لگ جائے گی۔	معصوم بچہ جب ٹھنڈی روٹی کھا کر کھیل رہا تھا تو ماں کہتی بیٹا زیادہ کھیلوں نہیں ورنہ تجھے بھوک لگ جائے گی۔	
تو میں پھر روٹی کہاں سے لاؤں گی۔	تو میں پھر روٹی کہاں سے لاؤں گی۔	
لیکن آج بچہ کا چہرہ خوشی سے کھلا ہو ا تھا وہ پیٹ بھر کھانا کھا کر خوب دھوم دھڑکا اور شرارتیں کر رہا تھا۔	لیکن آج بچہ کا چہرہ خوشی سے کھلا ہو ا تھا وہ پیٹ بھر کھانا کھا کر خوب کیھل رہا تھا۔	
ماں بھی اسے ڈانٹنے کی بجائے اس کی شرارتوں پر ہنس رہی تھی۔	ماں بھی اسے منا کرنے کےبجائے اس کی شرارتوں پر ہنس رہی تھی۔ 	
بچہ اپنی ماں کو خوش دیکھ کر کہنے لگا۔	بچہ اپنی ماں کو خوش دیکھ کر کہنے لگا۔	
ماں تو سچ کہتی تھی کہ سبھی دن ایک جیسے نہیں رہتے۔	ماں تو سچ کہتی تھی کہ سارے دن ایک جیسے نہیں رہتے۔ 	
ماں جب سے زلزلہ آیا ہے ہمارے مصیبت کے دن گئے اب تو ہر ٹینٹ میں کھانا ملتا ہے اور میں دن بھر کھاتا رہتا ہوں۔	ماں جب سے زلزلہ آیا ہے ہمارےمشکل دن ختم ہو گئے اب تو ہر ٹینٹ میں کھانا ملتا ہےاورمیں پورے دن کھاتا رہتا ہوں-	
وہ اب جینا نہیں چاہتا تھا۔	وہ اب زندگی نہیں گزارنہ چاہتا تھا۔	
زندگی کے مسائل حل کرتے کرتے وہ پریشان ہو چکا تھا۔	زندگی کی مشکلات حل کرتے کرتے وہ پریشان ہو چکا تھا۔	
لہذا اپنی پریشان کن زندگی سے چھٹکارہ پانے کے لئے اس نے خودکشی کر لی۔	اس لئے اپنی پریشانی سے بھری ہوی  زندگی  کو ختم کرنے کے لئے اس نے خودکشی کر لی۔  	
جیسے ہی اس نے اپنے آپ کو کنویں کے حوالے کیا لوگ دوڑ پڑے اور اسے زندہ سلامت نکالنے میں کامیاب ہو گئے۔	جیسے ہی اس نے اپنے آپ کو کنویں میں چھلانگ لگائی لوگ دوڑ پڑے اوراسے زندہ ٹھیک نکالنے میں کامیاب ہو گئے۔  	
لیکن وہ زندہ رہ جانے پر پچھتا رہا تھا۔	لیکن وہ زندہ رہ جانے پرافسوس کررہا تھا۔	
اسے ان لوگوں پر غصہ آ رہا تھا جنھوں نے اسے بچا یا تھا۔	اسے ان لوگوں پر غصہ آ رہا تھا جنھوں نے اسے بچا یا تھا۔	
لیکن لوگوں نے اسے زندگی سے پیار کرنا سکھایا زندگی سے مقابلہ کرنے اورسلیقہ سے جینے کا حوصلہ دیا۔ 	لیکن لوگوں نے اسے زندگی سے پیار کرنا سکھایا زندگی سے مقابلہ کرنے اور طریقے سے جینے کا حوصلہ دیا۔ 	
دوسرے دن سے وہ نئے حوصلے اور نئے عزم کے ساتھ زندگی گزارنے لگا اسے زندگی سے پیار ہو گیا تھا۔	دوسرے دن سے وہ نئے حوصلے اور نئے ہمت کے ساتھ زندگی گزارنے لگا اسے زندگی سے پیار ہو گیا تھا۔ 	
اب وہ مرنا نہیں چاہتا تھا۔	اب وہ مرنا نہیں چاہتا تھا۔	
لیکن چوتھے دن اسے ٹھوکر لگی وہ نیچے گر ا اور اس کی روح پرواز کر گئی۔	لیکن کچھ دن بعد اسے ٹھوکر لگی وہ نیچے گرا اور وہ فوت ہو گیا-	
صبح سے ہی گھر کے سامنے شامیانہ لگا دیا گیا تھا۔	صبح سے ہی گھر کے سامنےٹینٹ لگا دیا گیا تھا۔	
گھر میں بہت چہل پہل تھی۔	گھر میں بہت رونق تھی۔	
آج شام اُسی بیٹے نے اپنے مرحوم باپ کے ایصال ثواب کے لئے سینکڑوں لوگوں کو کھانے کی دعوت پر بلایا تھا۔	آج شام اُسی بیٹے نے اپنے مرے ہوئے باپ کوثواب پہنچانےکے لئےبہت زیادہ لوگوں کو کھانے کی دعوت پر بلایا تھا۔	
جس نے مرحوم کو اپنی حیات میں ایک ایک وقت کے کھانے کے لئے تر سایا تھا۔	جس نے مرے ہوئے کو اپنی زندگی میں ہر  وقت کے کھانے کے لئے ترسایا تھا۔ 	
وارڈ میں ایک مریض اپنے ساتھی سے کہہ رہا تھا۔	ہسپتال میں ایک مریض اپنے ساتھی سے کہہ رہا تھا۔ 	
میں جب سے اس وارڈ میں ایڈ مِٹ ہو ا ہوں۔	میں جب سے اس ہسپتال میں داخل ہو ا ہوں۔	
دیکھ رہا ہوں یہ ڈاکٹر صاحب گو کہ رات میں ڈیوٹی پر نہیں ہوتے ہیں۔	دیکھ رہا ہوں یہ ڈاکٹر صاحب اگرچہ رات میں ڈیوٹی پر نہیں ہوتے ہیں۔ 	
لیکن اکثر و بیشتر مریضوں کی بیمار پرسی کے لئے راؤنڈ پر آ جاتے ہیں۔	لیکن کبھی کبھی مریضوں کی طبیعت پوچھنے کے لئے چکر, دورے پر آ جاتے ہیں۔ 	
یہ بیچارے بڑے فرض شناس اور نیک دل انسان ہیں۔	یہ بیچارے بڑے ذمہ دار اور نیک دل انسان ہیں۔	
انہیں مریضوں سے بڑی ہمدردی ہے۔	انہیں مریضوں سے بڑی ہمدردی ہے۔	
ورنہ رات میں مریضوں کی فکر کو ن کرتا ہے۔	ورنہ رات میں مریضوں کی فکر کو ن کرتا ہے۔	
پھر وہ نرس سے مخاطب ہوا۔	پھر وہ نرس سے پوچھنے لگا۔	
کیا ڈاکٹر صاحب کا یہی معمول ہے؟	کیا ڈاکٹر صاحب کا یہی روز کا کام ہے؟	
نرس نے لاپرواہی سے جواب دیا۔	نرس نے لاپرواہی سے جواب دیا۔	
جی نہیں ڈاکٹر صاحب وارڈ میں ایک ڈیڑھ گھنٹے کے لئے ضرور آتے ہیں، لیکن۔	جی نہیں ڈاکٹر صاحب ہسپتال میں تھوڑے وقت کے لئے ضرور آتے ہیں، لیکن۔۔ 	
لیکن کیا۔؟	لیکن کیا۔؟	
نرس نے آنکھوں سے اشارہ کرتے ہوئے کہا۔	نرس نے آنکھوں سے اشارہ کرتے ہوئے کہا۔	
لیکن ان راتوں میں جب یہ ڈاکٹر صاحبہ ڈیوٹی پر ہوتی ہیں۔	لیکن ان راتوں میں جب یہ ڈاکٹر صاحبہ نوکری, کام پرہوتی ہیں۔	
راہ پر رکھے چراغ نے کہا	 راہ پر رکھے لمپ نے کہا۔	
میں بھٹکے ہوئے مسافروں کو راستہ دکھاتا ہوں میں سب سے بڑا ہوں۔	میں بھٹکے ہوئے مسافروں کو راستہ دکھاتا ہوں میں سب سے بڑا ہوں۔	
مجلس میں رکھے چراغ نے کہا۔۔	لوگوں کے گرو ہ میں رکھے چراغ نے کہا۔۔	
لوگ میری روشنی کے اردگرد بیٹھ کر اچھی اور نیک باتیں کرتے ہیں	لوگ میری روشنی میں بیٹھ کر اچھی اور نیک باتیں کرتے ہیں	
لوگ ایک دوسرے کو نیک راستے پر چلنے کی تلقین کرتے ہیں	لوگ ایک دوسرے کو نیک راستے پر چلنے کی نصیحت کرتے ہے 	
میں نہ رہوں تو یہ نیک کام انجام نہ پائے لہذا میں بڑا ہوں۔	میں نہ رہوں تو یہ نیک کام نہ ہو پائے اس لئے میں بڑا ہوں۔	
مندر میں رکھے چراغ نے کہا۔	مندر میں رکھے چراغ نے کہا۔	
میں تو مندر میں رہتا ہوں اور بھگوان کو روشنی میں میں نے ہی رکھا ہے۔	میں تو مندر میں رہتا ہوں اور بھگوان کو روشنی میں میں نے ہی رکھا ہے۔	
ورنہ وہ تو کب کا اندھیروں میں ڈوب جاتا اس لئے میں تم سب سے بڑا ہوں۔	ورنہ وہ تو کب کا اندھیروں میں ڈوب جاتا اس لئے میں تم سب سے بڑا ہوں۔	
اتنے میں ایک ہلکا سا ہوا کا جھونکا آیا اور تینوں چراغوں کو بجھا کر چلا گیا۔	اتنے میں ایک ہلکا سا ہوا کا جھونکا آیا اور تینوں چراغوں کو بجھا کر چلا گیا۔	
سفر میں وہ جیسے ہی پہلو بدل کر بیٹھ گئی۔	سفر میں وہ جیسے ہی رخ بدل کر بیٹھ گئی۔	
 میرے چہرے پر غصّہ کی چند لکیریں ابھر آئیں اور میں خاموش ہوگیا۔	میرے چہرے پر غصّہ کےاثرات آئے اور میں خاموش ہوگیا۔	
اور پھر دیر رات وہ پہلو بدلنے پر پچھتائی میں خاموش ہو جانے پر پچھتایا۔	اور پھر دیر رات وہ رخ بدلنے پر افسوس کیا میں خاموش ہو جانے پر افسوس کیا۔	
لیکن صبح ہوتے ہوتے خاموشی کا سکوت ٹوٹا۔	لیکن۔۔۔۔ صبح ہوتے ہوتے خاموشی کا سلسلہ ٹوٹا۔	
اور قہقہے بلند ہونے لگے۔	اور ہنسی بلند ہونے لگی۔	
اسی دوران میں نے محسوس کیا کہ میں پہلے سے زیادہ اُس سے محبت کرنے لگا ہوں۔	اسی دوران مجھے احساس ہوا کہ میں پہلے سے زیادہ اُس سے محبت کرنے لگا ہوں۔	
وہ بے حد غریب سات چھوٹے چھوٹے بچوں کا باپ تھا۔	وہ بے حد غریب سات چھوٹے چھوٹے بچوں کا باپ تھا۔	
ہمیشہ دو وقت کی پیٹ کی آگ بجھانے کے لئے تگ ودو کرتا رہتا تھا۔	ہمیشہ دو وقت کی کھانے کے لئےکوشیش کرتا رہتا تھا ۔	
لیکن اُسے ذہنی سکون تھا۔	لیکن اُسے ذہنی سکون تھا۔	
وقت نے کروٹ بدلی۔	وقت بدل گیا۔	
اسکی غربت کے دن ختم ہوئے بچّے اسکے قد کے برابر ہو گئے۔	اسکی غربت کے دن ختم ہوئے بچّے بڑھے ہو گئے۔	
لیکن اب وہ ذہنی طور سے پریشان ہے کیونکہ اسکی زندگی کا سکون اسکے نا خلف اور آوارہ بیٹوں نے چھین لیا ہے۔	لیکن اب وہ ذہنی طور سے پریشان ہے کیونکہ اسکی زندگی کا سکون اسکےغیر ذمدار اور آوارہ بیٹوں نے لے لیا ہے ۔	
ایک اسٹیشن پر وہ بس میں سوار ہوا تو دیکھا تمام نشستیں پُر تھیں۔	ایک اسٹیشن پر وہ بس میں سوار ہوا تو دیکھا تمام سیٹیں پُر تھیں۔	
صرف ایک خاتون کے بازو والی نشست خالی تھی۔	صرف ایک خاتون کے ساتھ والی سیٹ خالی تھی۔	
وہ وہاں بیٹھنا ہی چاہ رہا تھا ۔	وہ وہاں بیٹھنا ہی چاہ رہا تھا۔	
کہ خاتون نے کہا۔	کہ خاتون نے کہا۔	
میں آپ کو یہاں بیٹھنے نہیں دوں گی۔	میں آپ کو یہاں بیٹھنے نہیں دوں گی۔	
میرے بازو خاتون ہی بیٹھے گی۔	میرے ساتھ خاتون ہی بیٹھے گی۔	
ایک آواز ابھری۔۔۔"اگر ایسا ہی تھا تو اپنا ریزرویشن کر وا لیتی۔	ایک آواز آئی۔۔۔اگر ایسا ہی تھا تواپنی سیٹ بک کر وا لیتی۔	
کسی دوسرے نے کہا۔جب اپنے بازو خاتون ہی بٹھانا مقصود ہے۔	کسی دوسرے نے کہا۔جب اپنے ساتھ خاتون ہی بیٹھانا ضروری ہے۔ 	
تو سفر میں اپنے ہمراہ ایک خاتون رکھتی۔	تو سفرمیں اپنے ساتھ ایک خاتون رکھتی۔	
ابھی یہ باتیں ہو ہی رہی تھیں۔	ابھی یہ باتیں ہو ہی رہی تھیں۔	
کہ ایک خاتون جو پچھلی نشست پر بیٹھی تھی بول پڑی۔	کہ ایک خاتون جو پچھلی سیٹ پر بیٹھی تھی بول پڑی۔	
یہاں گنجائش تو نہیں ہے۔	یہاں خالی جگہ تو نہیں ہے۔	
لیکن پھر بھی آپ میرے بازو آ جائیے میں ایڈجسٹ کر لیتی ہوں۔	لیکن پھر بھی آپ میرے ساتھ آ جائیے میں جگہ بنا لونگی-	
وہ بہت غریب تھا۔	وہ بہت غریب تھا۔	
لیکن ایک دن اس کی قسمت کا ستارہ چمکا اور اسے لاٹری مل گئی۔	لیکن ایک دن اس کی قسمت کا ستارہ چمکا اور اسے لاٹری مل گئی۔	
دو لاکھ روپیہ ہاتھ آیا۔	دو لاکھ روپیہ ہاتھ آیا۔	
تو اس نے اپنے اور گھر کے افراد سے متعلق سو چنا شروع کیا۔	تو اس نے اپنے اور گھر کے لوگوں کے بارے میں سوچنا شروع کیا -	
ہزاروں خواہشوں نے سر اٹھایا اور پھر ان ڈھیر ساری خواہشوں کے درمیاں اس نے محسوس کیا کہ وہ تو اب پہلے سے بھی زیادہ غریب ہو گیا ہے۔	  ہزاروں خواہشیں پیدا ہوی اور پھر ان خواہشوں کےدرمیان اسے احساس ہوا کہ وہ تو اب پہلے سے بھی زیادہ غریب ہوگیا ہے ۔	
وہ اپنی ڈاڑھی میں انگلیوں سے کنگھی کرتے ہوئے کہہ رہا تھا۔	وہ اپنی ڈاڑھی میں ہاتھ پھیرتے ہوئے کہہ رہا تھا۔	
میں جانتا ہوں اسلم ساجد تمہارا اچھا دوست ہے۔	میں جانتا ہوں اسلم ساجد تمہارا اچھا دوست ہے۔	
لیکن وہ مجھے ایک پل نہیں بھا تا۔	لیکن وہ مجھے بلکل نہیں اچھا لگتا۔	
وہ نہایت بد تمیز، جھوٹا، مطلب پرست اور فریبی ہے۔	وہ نہایت بد تمیز، جھوٹا، اپنا فائدہ دیکھنے والا اور دوکھے باز ہے۔	
ہمیشہ دوسروں کی برائیاں گنواتا رہتا ہے۔	ہمیشہ دوسروں کی برائیاں کرتا ہے۔	
 کیا وہ نہیں جانتا کہ کسی کے پیٹھ پیچھے اُسکی برائیاں بیان کرنا اپنے بھائی کا کچا گوشت کھانے کے مترادف ہے۔	کیا وہ نہیں جانتا کہ کسی کی غیرموجودگی میں اسکی برائیاں بیان کرنا اپنے بھائی کا کچا گوشت کھانے کے برابرہے۔	
مجھے دیکھو میں تو کبھی کسی کی برائی نہیں کرتا۔	مجھے دیکھو میں تو کبھی کسی کی برائی نہیں کرتا۔	
دیکھتے ہی دیکھتے آپ کا کاروبار کافی بڑھ گیا ہے۔	 کچھ ہی وقت میں آپ کا کاروبار کافی بڑھ گیا ہے۔	
جی ہاں! یہ اﷲ تعالیٰ کا فضل اور آپ کی دعاؤں کا نتیجہ ہے۔	جی ہاں! یہ اﷲ تعالیٰ کی مہربانی اورآپ کی دعاؤں کا نتیجہ ہے۔ 	
لیکن اب آپ کو حج بیت اﷲ کے لئے چلے جانا چائیے۔	لیکن اب آپ کو حج بیت اﷲ کے لئے چلے جانا چائیے۔	
بات یہ ہے کہ میرے کاروبار میں مجھے ہر وقت جھوٹ بولنا پڑتا ہے۔	بات یہ ہے کہ میرے کاروبار میں مجھے ہر وقت جھوٹ بولنا پڑتا ہے۔	
حج سے واپسی کے بعد میں جھوٹ نہیں بول پاؤں گا اور میرا کاروباربند ہو جائے گا۔	حج سے واپسی کے بعد میں جھوٹ نہیں بول سکوں گا اور میرا کاروباربند ہو جائے گا۔	
لہذا میں تھوڑا وقت چاہتا ہوں۔	اس لئے میں تھوڑا وقت چاہتا ہوں۔	
وہ اجنبی مجھے ٹرین میں ملا تھا۔ 	وہ اجنبی مجھے ٹرین میں ملا تھا۔ 	
گفتگو کا آغاز اسی نے کیا تھا۔	بات چیت کا آغاز اسی نے کیا تھا۔	
تھوڑی دیر بات چیت کے بعد وہ میری برتھ پر آگیا۔	تھوڑی دیر بات چیت کے بعد وہ میری سیٹھ پر آگیا۔	
اور رازدارانہ لہجہ میں کہنے لگا۔	اور رازدارانہ لہجہ میں کہنے لگا۔	
تم تم بہت خوبصورت ہو۔	تم تم بہت خوبصورت ہو۔	
تم شعلہ و شبنم کا امتزاج ہو۔	تم آگ اورپانی کا ملاپ ہو۔	
تم گل ِلالہ کا عکس ہو۔	تم گل ِلالہ کی ہم شکل ہو	
تم حسن و جمال کی دیوی ہو۔	تم خوبصورتی کی مثال ہو ۔	
سنو میں سچ کہہ رہا ہوں!	سنو میں سچ کہہ رہا ہوں!	
میں نے اسے اسکی برتھ پر بٹھا دیا اور کہا۔۔	میں نے اسے اسکی سیٹھ پر بٹھا دیا اور کہا۔۔	
اس سے بھی زیادہ سچ یہ ہے۔	اس سے بھی زیادہ سچ یہ ہے۔	
کہ جیسے ہی تمھارا اسٹیشن آئے گا۔	کہ جیسے ہی تمھارا اسٹیشن آئے گا۔	
تم چپ چاپ اپنا سوٹ کیس لئے مجھے تنہاہ چھوڑ کر ٹرین سے اتر جاؤ گے۔	تم چپ چاپ اپنا سوٹ کیس لئے مجھے اکیلی چھوڑ کر ٹرین سے اتر جاؤ گے۔ 	
اور بھیڑ میں گم ہو جاؤ گے۔	اور بہت سا رے لوگوں میں گم ہو جاؤ گے۔	
سنو میں سچ کہہ رہی ہوں نا۔	سنو میں سچ کہہ رہی ہوں نا۔	
وہ اداس ہو کر اپنے شوہر سے کہہ رہی تھی۔	وہ اداس ہو کر اپنے شوہر سے کہہ رہی تھی۔	
پتہ نہیں ہمیں آخر کس کام کی سزا مل رہی ہے۔	پتہ نہیں ہمیں آخر کس کیے کی سزا مل رہی ہے۔	
آج ہم اپنے بیٹے سلیم اور بہو کے لئے بوجھ بن چکے ہیں۔	آج ہم اپنے بیٹے سلیم اور بیٹے کی بیوی کے لئے بوجھ بن چکے ہیں۔	
وہ ہمیں حقارت کی نظروں سے دیکھتے ہیں۔	وہ ہمیں کمتر نظروں سے دیکھتے ہیں۔	
لمحہ لمحہ زندگی اُن کے احسانوں کی مرہون منت ہو گئی ہے۔	لمحہ لمحہ زندگی اُن کے احسانوں کی نظر ہو گئی ہے۔	
جی چاہتا ہے زمین پھٹ جائے اور ہم سما جائیں آخر پڑوس میں اُس کا دوست رحمن بھی تو ہے۔	جی چاہتا ہے زمین پھٹ جائے اور ہم اندر جائیں آخر پڑوس میں اُس کا دوست رحمن بھی تو ہے۔	
اپنے والدین کو کتنا خوش رکھتا ہے۔	اپنے والدین کو کتنا خوش رکھتا ہے۔	
اسکی بیوی اُن کی ہر خواہش کو پورا کرنا اپنا فرض سمجھتی ہے۔	اسکی بیوی اُن کی ہر خواہش کو پورا کرنا اپنی ذمداری سمجھتی ہے۔ 	
مجھے تو رحمن کی آدابِ فرز ندگی پر رشک ہوتا ہے۔	مجھے تو رحمن کی آدابِ فرز ندگی پر فخر ہوتا ہے۔	
کاش ہمارا بیٹا بھی رحمن کی طرح ہوتا۔	کاش ہمارا بیٹا بھی رحمن کی طرح ہوتا۔	
بیگم شاید ہماری قسمت ہی ایسی ہے۔	بیگم شاید ہماری قسمت ہی ایسی ہے۔	
کاش میں بھی کسی اچھے سرکاری محکمہ میں سروس کرتا اور سبکدوش ہونے کے بعد ہمیں پینشن کے طور پر ہر ماہ موٹی رقم ملتی تو شاید رحمن کی طرح سلیم بھی ہمیں خوش رکھتا۔	کاش میں بھی کسی اچھے سرکاری محکمہ میں نوکری کرتا اور  فارغ  ہونے کے بعد ہمیں پینشن کے طور پر ہر مہینے  بڑی رقم ملتی تو شاید رحمن کی طرح سلیم بھی ہمیں خوش رکھتا۔  	
پچیس سال قبل وہ گاؤں سے شہر آیا تھا۔	پچیس سال پہلے وہ گاؤں سے شہر آیا تھا۔	
یہاں اُس نے ہیرا پھیری کی خوب دولت جمع کی پھر اُس نے اپنے گاؤں لوٹ جانے کا یہ سوچ کر فیصلہ کر لیا۔	یہاں اُس نے دوکھا سے خوب دولت جمع کی پھر اُس نے اپنے گاؤں واپس جانے کا یہ سوچ کر فیصلہ کر لیا۔ 	
کہ وہاں وہ سر بہ فلک عمارت تعمیر کر کے آرام و آرائش کی زندگی گزارے گا۔	کہ وہاں وہ اونچی عمارت بنا کے آرام و سہولیات  کی زندگی گزارے گا۔	
وہ گاؤں کا سب سے بڑا آدمی کہلائے گا۔	وہ گاؤں کا سب سے بڑا آدمی کہلائے گا۔	
گاؤں کے لوگ اُسکی عزت کریں گے۔	گاؤں کے لوگ اُسکی عزت کریں گے۔	
گاؤں لوٹا تو اسکے ساتھ مکاری فریب، عیاری اور بے ایمانی جیسی برائیاں بھی لوٹیں۔	گاؤں واپس آیا تو اسکے ساتھ دوکھہ, چالاکی اور بے ایمانی جیسی برائیاں بھی آیئں۔	
لیکن وہاں اُس نے جب لوگوں کے پاس ایمانداری، سچائی، اصول پسندی وعدہ کی پاسداری، وفاداری اور فرض شناسی جیسی قیمتی دولت دیکھی۔	لیکن وہاں اُس نے جب لوگوں کے پاس ایمانداری، سچائی، اصول پسندی، وعدہ کا پاس رکھنے والے، وفاداری اور ذمداری جیسی قیمتی دولت دیکھی۔	
تو مکر و فریب سے کمائی ہوئی دولت کے باوجود وہ اپنے آپ کو آئینے جیسے صاف و شفاف اور پاکیزہ دل رکھنے والے لوگوں کے درمیان بونا محسوس کرنے لگا۔	تودوکھے سے کمائی ہوئی دولت کے باوجود وہ اپنے آپ کو آئینے جیسے صاف ستھرا اور اچھا دل رکھنے والے لوگوں کے درمیان چھوٹا محسوس کرنے لگا۔	
اسکول میں بچوں کے داخلے نہیں ہو رہے تھے۔	اسکول میں بچوں کے داخلے نہیں ہو رہے تھے۔	
اس لئے اسکول کے اساتذہ بچوں کا داخلہ کروانے آس پاس کے علاقوں میں نکل پڑے۔	اس لئے اسکول کے اساتذہ بچوں کا داخلہ کروانے آس پاس کے علاقوں میں نکل پڑے۔	
والدین و سرپرست حضرات سے اپنے بچوں کو مادری زبان میں تعلیم دلوانے کی پیش کش کرنے لگے۔	والدین و سرپرست حضرات سے اپنے بچوں کو قومی زبان میں تعلیم دلوانے کی پیش کش کرنے لگے۔	
اس ضمن میں انھوں نے طرح طرح کی تاویلیں بھی پیش کیں۔	اس دوران میں انھوں نے  مختلف وجوہات بھی پیش کیں۔	
علاوہ ازیں اپنی اسکول کی تعریف میں زمین آسمان کے قلابے ملا دیئے۔	اس کےعلاوہ اپنی اسکول کی تعریف میں زمین آسمان ایک کردیئے۔	
والدین اُن کی باتیں غور سے سنتے رہے پھر ایک بچہ کے والد نے آگے بڑھ کر اُن سے پوچھا۔	والدین اُن کی باتیں غور سے سنتے رہے پھر ایک بچہ کے باپ نےاُن سے پوچھا۔	
اساتذہ صاحبان۔۔ ابھی آپ نے باتوں باتوں میں اپنی اسکول کو شہر کا بہترین اسکول قرار دیا۔	اساتذہ صاحبان۔۔ ابھی آپ نے باتوں باتوں میں اپنی اسکول کو شہر کا سب سے اچھا  اسکول قرار دیا۔	
اس لئے یقیناً آپ تمام کے بچّے بھی آپ ہی کی اسکول میں تعلیم حاصل کر رہے ہوں گے۔	اس لئے ضرور آپ سب کے بچّے بھی آپ ہی کے اسکول میں تعلیم حاصل کر رہے ہوں گے۔	
تمام اساتذہ خاموش تھے اور اُن کے سر شرمندگی کے بوجھ سے جھکے ہوئے تھے۔	تمام اساتذہ خاموش تھے اور اُن کے سر شرمندگی کے وزن سے جھکے ہوئے تھے۔	
کیونکہ اُن تمام کے بچے مادری زبان میں تعلیم حاصل کرنے کی بجائے شہر کی مختلف انگلش میڈیم اسکولوں میں تعلیم حاصل کر رہے تھے۔!!	کیونکہ اُن سب کے بچے قومی زبان میں تعلیم حاصل کرنے کی بجائے انگلش میڈیم اسکولوں میں تعلیم حاصل کر رہے تھے۔!!	
وہ شاپنگ کر کے جب اپنے گھر لوٹی۔	وہ شاپنگ کر کے جب اپنے گھرآئی۔	
تو بہت اداس تھی۔	تو بہت اداس تھی ۔	
 سامان رکھ کر وہ فوراً ڈریسنگ ٹیبل کے پاس آئی۔	سامان رکھ کر وہ فوراً ڈریسنگ ٹیبل کے پاس آئی اور اپنے آپ کودیکھا۔	
میک ا پ دوبارہ کیا۔	میک ا پ دوبارہ کیا۔	
بالوں کے اسٹائل کو بدلا۔	بالوں کو دوبارہ بنایا۔	
آج اُسے اس بات کا بے حد افسوس تھا۔	آج اُسے اس بات کا بے حد افسوس تھا۔	
کہ پہلی بار کسی نوجوان نے اُسے دیکھ کر کوئی کمینٹ نہیں کیا تھا۔!!	کہ پہلی بار کسی نوجوان نے اسکی کوئی تعریف نہیں کی تھی-	
مالک بہت خوش تھا۔	مالک بہت خوش تھا۔	
کہ اُسے کم تنخواہ پر ایک فرمانبردار فل ٹائم کار ڈرائیور مل گیا تھا۔	کہ اُسے کم تنخواہ پر ایک فرمانبردار فل ٹائم کار ڈرائیور مل گیا تھا۔	
مالکن بھی بہت خوش تھی۔	مالک کی بیوی بھی بہت خوش تھی۔	
کہ ڈرائیور ایک خوب رو نوجوان تھا۔	کہ ڈرائیور ایک خوبصورت نوجوان تھا۔	
جو مالک کو آفس چھوڑ آنے کے بعد سارا وقت بنگلہ پر ہی گزارتا تھا۔	جو مالک کو آفس  چھوڑنے کے بعد سارا وقت بنگلہ پر ہی گزارتا تھا۔	
مالک کی جانب سے ملنے والی تنخواہ تو ڈرائیور کی جیب خرچ کے لئے کافی نہیں ہوتی تھی۔	مالک کی طرف سے ملنے والی تنخواہ تو ڈرائیور کی اپنے  جیب خرچ کے لئے کافی نہیں ہوتی تھی۔	
اسکے گھر کا خرچ تو مالکن ہی پورا کرتی تھی۔	اسکے گھر کا خرچ تو مالک کی بیوی ہی پورا کرتی تھی۔	
اس لئے ڈرائیور کی بیوی سب سے زیادہ خوش تھی۔	اس لئے ڈرائیور کی بیوی سب سے زیادہ خوش تھی۔	
کہ اسکی مہربانیوں کی وجہ سے اسکی گھر گرہستی اچھی چل رہی تھی۔	کہ اسکی مہربانیوں کی وجہ سےاسکا گھر اچھا چل رہا تھا-	
وہ روزانہ ہی فٹ پاتھ پر تاش کے پتوں کو پھیلائے بیٹھتا تھا۔	وہ روزانہ ہی فٹ پاتھ پر تاش کے پتوں کو پھیلائے بیٹھتا تھا۔	
جو کوئی شخص اس کے پاس آتا اور اپنی تقدیر کا حال جاننا چاہتا تو وہ پنجرے کا دروازہ کھول دیتا۔	جو کوئی شخص اس کے پاس آتا اور اپنی قسمت کا حال جاننا چاہتا تو وہ پنجرے کا دروازہ کھول دیتا۔	
طوطا پنجرہ سے نکل کر ایک تاش کا پتہ اپنی چونچ میں پکڑ کر اسے دے دیتا۔	طوطا پنجرہ سے نکل کر ایک تاش کا پتہ اپنی چونچ میں پکڑ کر اسے دے دیتا۔	
گویا آنے والے ہر شخص کی تقدیر سے وہ واقف تھا۔	جیسے آنے والے ہر شخص کی قسمت سے وہ با خبر  تھا۔	
ایک دن طوطا کسی کی تقدیر کا حال بتانے کے لئے پنجر ہ سے باہر نکلا۔	ایک دن طوطا کسی کی  قسمت کا حال بتانے کے لئے پنجر ہ سے باہر نکلا۔	
اتنے میں ایک چیل اوپر سے اڑتی ہوئی آئی اور طوطے کو اپنی چونچ میں دبا کر پُھر سے اُڑ گئی۔	اتنے میں ایک چیل اوپر سے اڑتی ہوئی آئی اور طوطے کو اپنی چونچ میں دبا کر فورا سے اُڑ گئی۔	
فقیرکی جھولی میں روٹی کے چند ٹکڑے آتے ہی اسکے چہرے پر زندگی کے آثار نمایاں ہو گئے۔	فقیرکی جھولی میں روٹی کے چند ٹکڑے آتے ہی اسکے چہرے پر زندگی کے آثار ظاہر ہو گئے۔	
وہ میدان میں لگے میلے کی بھیڑ کو چیرتا ہوا خوشی خوشی اپنے گھر بچوں کی پیٹ کی آگ بجھانے کے لئے نکل پڑا۔	وہ میدان میں لگے میلے کی بھیڑ کو چیرتا ہوا خوشی سے اپنے گھر بچوں کی پیٹ کی آگ بجھانے کے لئے نکل پڑا۔	
گھرآنے پر جب اُس نے جھولی میں اپنے روٹی کے چند ٹکڑے تلاش کئے تو اُسے بہت مایوسی ہوئی۔	گھرآنے پر جب اُس نے جھولی میں اپنے روٹی کے چند ٹکڑے تلاش کئے تو اُسے بہت مایوسی ہوئی۔	
روٹی کے ٹکڑے جھولی سے غائب تھے۔	روٹی کے ٹکڑےجھولی میں نہیں تھے۔	
اُس نے اپنے بچوں کو بھوکا سلا دیا اور خود بھی یہ سوچ کر اطمینان کر لیا۔	اُس نے اپنے بچوں کو بھوکا سلا دیا اور خود بھی یہ سوچ کر تسلی کیئ-	
کہ جھولی میں میرا نہیں بلکہ مجھ سے بھی زیادہ بھوکے شخص کا رزق تھا۔	کہ جھولی میں میرا نہیں بلکہ مجھ سے بھی زیادہ بھوکے شخص کا رزق تھا۔	
جس نے میرے قریب سے گزر کر حاصل کر لیا۔	جس نے میرے قریب سے گزر کر حاصل کر لیا۔	
پروفیسر نے اپنے لیکچر کے دوران گریجویشن کر رہی لڑکیوں سے پوچھا۔	پروفیسر نے اپنی کلاس کے دوران گریجویشن کر رہی لڑکیوں سے پوچھا۔	
ذرا مجھے بتائیے کہ اس ہال میں بیٹھی کتنی لڑکیوں کے بوائے فرینڈس ہیں۔	ذرا مجھے بتائیے کہ اس ہال میں بیٹھی کتنی لڑکیوں کے لڑکے دوست ہیں۔	
یہ سن کر ہال میں بیٹھی لڑکیاں خوشی خوشی کھڑی ہو گئیں اور اکیلی بیٹھی خاموش اس لڑکی کو حقارت آمیز نظروں سے دیکھ کر قہقہے لگانے لگیں۔	یہ سن کر ہال میں بیٹھی لڑکیاں خوشی خوشی کھڑی ہو گئیں اور اکیلی بیٹھی خاموش اس لڑکی کو  کم تر نظروں سے دیکھ کر قہقہے لگانے لگیں۔	
جس کا کوئی بوائے فرینڈ نہ تھا۔	جس کا کوئی  لڑکا دوست نہ تھا۔	
انتخابات ہونے کا اعلان ہو چکا تھا۔	الکشن ہونے کا اعلان ہو چکا تھا۔	
 وہ پندرہ دن سے اپنی فائل لئے ہائی کمان سے ٹکٹ حاصل کرنے کے لئے تگ و دو کر رہا تھا۔	وہ پندرہ دن سے اپنی فائل لئے اوپرسے ٹکٹ حاصل کرنے کے لئے کوشیش کر رہا تھا۔	
ہائی کمان تک رسائی ہوئی تو فائل کی ورق گردانی کی گئی۔	اعلی کمان تک رسائی ہوئی تو فائل کو پڑھا گیا ۔	
تم کہاں رہتے ہو, 	تم کہاں رہتے ہو, 	
سر۔ میں ڈول پور میں۔	سر۔ میں ڈول پور میں۔	
لیکن تم نے لکھا ہے کہ میں الیکشن گول پور سے لڑنا چاہتا ہوں۔	لیکن تم نے لکھا ہے کہ میں الیکشن گول پور سے لڑنا چاہتا ہوں۔	
 جی سر	 جی سر	
کیوں بھلا	کیوں بھلا	
سر وہاں سے الیکشن میں منتخب ہونا میرے لئے زیادہ آسان ہے۔	سر وہاں سے الیکشن میں کامیاب  ہونا میرے لئے زیادہ آسان ہے۔	
مجھے پوری امید ہے کہ میں وہاں سے کثیر ووٹوں سے منتخب ہو جاؤں گا۔	مجھے پوری امید ہے کہ میں وہاں سے زیادہ ووٹوں سے کامیاب ہو جاؤں گا۔	
لیکن آپکے وطن ڈول پور سے کیوں نہیں۔	 لیکن اپنےوطن ڈول پور سے کیوں نہیں۔	
سر وہاں کے لوگ مجھے اچھی طرح جانتے اور پہچانتے ہیں۔	سر وہاں کے لوگ مجھے اچھی طرح جانتے اور پہچانتے ہیں۔	
وہ شہر مسلسل پندرہ دن تک فساد کی آگ میں جلتا رہا۔	وہ شہر مسلسل پندرہ دن تک نفرت کی آگ میں جلتا رہا۔	
روزانہ پولس کا پہرہ کرفیو اور پھر شہر کے کسی سمت سے اٹھتا ہو ا دھواں۔	روزانہ پولس کا پہرہ ,گھر سے باہر نکلنے پرپابندی اور پھر شہر کے کسی طرف  سے اٹھتا ہو ا دھواں۔	
بھڑکتے ہوئے شعلے۔	اٹھتے ہوئے شعلے۔	
گولیوں کی آوازیں۔	گولیوں کی آوازیں۔	
بچوں اور عورتوں کی چیخ و پکار سناٹے میں دور تک سنائی دیتی تھی۔	بچوں اور عورتوں کی چیخیں خاموشی میں دور تک سنائی دیتی تھیں۔	
پندرہ دن بعد جب امن قائم ہوا اور زندگی معمول پر آ گئی تو بچوں نے اپنے اسکول کے بیگ نکالے۔	پندرہ دن بعد جب جنگ ختم ہویئ اور زندگی معمول پر آ گئی تو بچوں نے اپنے اسکول کے بیگ نکالے۔	
بڑی بہن نے چھوٹے بھائی سے کہا "پڑھو"	بڑی بہن نے چھوٹے بھائی سے کہا "پڑھو"	
بچہ نے پہلی جماعت کی کتاب نکالی اور اپنی تو تلی زبان میں پڑھنے لگا۔	بچہ نے پہلی جماعت کی کتاب نکالی اور اپنی تو تلی زبان میں پڑھنے لگا۔	
الف سے آگ۔ ب سے بندوت۔ پ سے پولت۔ ت سے تینشن!	الف سے آگ۔ ب سے بندوت۔ پ سے پولت۔ ت سے تینشن!	
آج مولانا نے عید الفطر کی نماز سے قبل اتحاد و اتفاق موضوع پر بڑے ہی فصیح و بلیغ انداز میں تقریر کی تھی۔	آج مولانا نے عید الفطر کی نماز سے پہلے مل جول کر  رہنے  موضوع پر بڑے ہی صاف تفصیل انداز میں تقریر کی تھی۔	
مولانا کی تقریر سن کر کئی لوگوں کی آنکھیں گیلی ہو گئیں اور دل پگھل گئے۔	مولانا کی تقریر سن کر کئی لوگوں کی آنکھوں میں آنسوں آگئیں اور دل موم ہوگئے۔	
نماز کے بعد لوگ برسوں سے قائم آپسی اختلافات و رنجشوں کو بھول کر کھلے دل سے عید گاہ میں گلے مل رہے تھے	نماز کے بعد لوگ سالوں کے آپس کی جھگڑے کو بھول کر کھلے دل سے عید گاہ میں گلے مل رہے تھے۔	
میں بھی اُن کی تقریر سے بے حد متاثر ہوا۔	مجھ پر بھی اُن کی تقریر سے بہت زیادا اثر ہوا۔	
میں نے مولانا کو اپنے ہمراہ لیا اور گھر کی جانب چل پڑا۔	میں نے مولانا کو اپنےساتھ لیا اور گھر کی طرف چل پڑا۔	
ابھی ہم اُس گلی کے موڑ پر آئے تھے جہاں سے میرے گھر کا فاصلہ بہت قریب تھا۔	ابھی ہم اُس گلی کے موڑ پر آئے تھے جہاں سے میرے گھر کا فاصلہ بہت قریب تھا۔	
مولانا نے رُک کر کہا۔	مولانا نے رُک کر کہا۔	
ہم دوسری گلی سے ہو کر آپ کے گھر چلتے ہیں،	ہم دوسری گلی سے ہو کر آپ کے گھر چلتے ہیں،	
تمہیں تو معلوم ہی ہوگا	تمہیں تو پتہ ہی ہوگا	
اس طرف میر ے بھائی کا مکان ہے اور میں اس سے بات کرنا تو درکنار اُس کا چہرہ دیکھنا بھی پسند نہیں کرتا۔	اس طرف میر ے بھائی کا  گھر ہے اور میں اس سے بات کرنا تو دور اُس کا چہرہ دیکھنا بھی پسند نہیں کرتا۔	
سنیئے۔	سنیئے۔!	
جی؟	جی	
میں آپ سے ایک بات کہنا چاہتی ہوں۔	میں آپ سے ایک بات کہنا چاہتی ہوں۔	
کہئے	کہئے	
لیکن مجھے ڈر لگ رہا ہے۔	لیکن مجھے ڈر لگ رہا ہے۔	
ڈر؟ کس بات کا ڈر؟	ڈر؟ کس بات کا ڈر؟	
مجھ جیسے انسان سے ڈر	مجھ جیسے انسان سے ڈر	
 ارے میں تو تمہارے بڑے بھائی کی طرح ہوں۔	ارے میں تو تمہارے بڑے بھائی کی طرح ہوں۔	
کہو نا	کہو نا	
نہیں اب میں وہ بات کبھی نہیں کہوں گی۔	نہیں اب میں وہ بات کبھی نہیں کہوں گی۔	
اسٹو بھڑکنے سے جب اسکی والدہ جل کر انتقال کر گئی۔	آگ لگنے سے جب اسکی والدہ جل کر فوت ہو گئی۔	
تو وہ اپنی نانی کے یہاں چلی آئی۔ اور یہیں رہنے لگی۔	تو وہ اپنی نانی کے پاس چلی گئی۔ اور وہاں رہنے لگی۔	
وہ تو ابھی بہت چھوٹی تھی۔	وہ تو ابھی بہت چھوٹی تھی۔	
لیکن بوڑھی نانی اسکے تعلق سے فکر مند تھی۔	لیکن بوڑھی نانی اسکے تعلق سے پریشان تھی۔	
وہ اسکے لئے جہیز کا سامان جٹانے میں ابھی سے مصروف ہو گئی تھی۔	وہ اسکے لئے جہیز کا سامان اکٹھا کرنے میں ابھی سے مصروف ہو گئی تھی۔	
تاکہ اسٹو بھڑکنے کا عمل اسکی نواسی کے ساتھ بھی نہ دہرایا جائے!!	تاکہ آگ لگنے کا عمل اسکی نواسی کے ساتھ بھی نہ ہو سکئے۔	
اس نے چند روز پیشتر ہی نکاح ثانی کر لیا تھا۔	اس نے چند روزپہلے ہی دوسرا نکاح کر لیا تھا۔	
ایک دن جب اسکی بیٹی غزالہ کالج سے بارش میں بھیگتی ہوئی گھر آئی	ایک دن جب اسکی بیٹی غزالہ کالج سے بارش میں بھیگتی ہوئی گھر آئی۔	
تو اس نے اپنے کپڑے چینج کر کے امی کے نئے کپڑے پہننے چاہے۔	تو اس نے اپنے کپڑے  تبدیل کر کے امی کے نئے کپڑے پہننے چاہے۔	
لیکن جب نئی امّی کے کپڑے اسے چھوٹے ہو گئے۔	لیکن جب سوتیلی ماں کے کپڑے اسے چھوٹے ہو گئے۔	
تو اسکی زبان سے بے ساختہ نکلا۔	تو اسکے منہ سے بغیر سوچھے نکلا۔	
امّی، تم مجھ سے کتنی چھوٹی ہو۔	امّی، تم مجھ سے کتنی چھوٹی ہو۔	
چنٹو رو رہا تھا	چنٹو رو رہا تھا	
شاید اُسے بھوک لگی تھی۔	شاید اُسے بھوک لگی تھی۔	
میں نے اسکی امّی کو آواز دی۔	میں نے اسکی امّی کو آواز دی۔	
چنٹو کو خاموش کراؤ میں نیوز نہیں سن پا رہا ہوں۔	چنٹو کو خاموش کراؤ میں نیوز نہیں سن پا رہا ہوں۔	
اسکی امی آئی اور دور پڑے کھلونا کو اسکے ہاتھوں میں تھما کر چلی گئی۔	اسکی امی آئی اور دور پڑے کھلونا کو اسکے ہاتھوں میں دیں کرچلی گئی۔	
چنٹو اب خاموش ہو چکا تھا۔	چنٹو اب خاموش ہو چکا تھا۔	
مجھے نیوز ریڈر کی آواز صاف سنائی دے رہی تھی۔	مجھے نیوز پڑھنے والے کی آواز صاف سنائی دے رہی تھی۔	
وہ کہہ رہا تھا "اب دیش میں بہت جلد خوشحالی آئے گی۔	وہ کہہ رہا تھا "اب ملک میں بہت جلد خوشحالی آئے گی۔	
کیونکہ تمام پارٹیوں نے کسانوں کو فصلوں کے اچھے دام غریبوں کو روٹی، کپڑا، مکان اور مفت تعلیم دینے کے وعدے کئے ہیں۔"	کیونکہ تمام پارٹیوں نے کسانوں کو فصلوں کی اچھی قیمت ، بنیادی سہولت اور مفت تعلیم دینے کے وعدے کئے ہیں۔	
دوسری خبر تھی	دوسری خبر تھی	
الیکشن آفیسر نے کہا ہے "الیکشن چار ماہ بعد ماہ ِاکتوبر میں ہونے کے امکانات ہیں۔"	الیکشن آفیسر نے کہا ہے الیکشن  چارمہینےبعد اکتوبر کے مہینے میں ہونے کے امید ہیں۔	
چنٹو ہاتھ میں کھلونا پکڑے پھر رونے لگا تھا۔	چنٹو ہاتھ میں کھلونا پکڑے پھر رونے لگا تھا۔	
شاید اُسے سچ مچ بھوک لگی تھی!	شاید اُسے سچ مچ بھوک لگی تھی!	
اسکے والد عرصہ سے ایک جان لیوا بیماری میں مبتلا تھے۔	اسکے والد عرصہ سے ایک  خطرناک بیماری میں گرفتار تھے۔	
آٹھ دس روز قبل ڈاکٹروں کی جانب سے ناامیدی ظاہر ہو جانے پر انھیں گھر لا لیا گیا تھا۔	کچھ روز پہلے ڈاکٹروں کی طرف سے ناامیدی ظاہر ہو جانے پر انھیں گھر لایا گیا تھا۔	
مگر آج اُن کے نوجوان بیٹے کی آفس میں حرکت قلب بند ہو جانے پر موت واقع ہو گئی۔	مگر آج اُن کے نوجوان بیٹے کی آفس میں دل کی دھڑکن بند ہو جانے پر موت واقع ہو گئی۔	
جو گھر سے اپنی والدہ سے آفس یہ کہہ کر نکلا تھا۔	جو گھر سے اپنی والدہ سے آفس یہ کہہ کر گیا تھا۔	
کہ مجھے ضروری کام سے دہلی جانا تھا۔	کہ مجھے ضروری کام سے دہلی جانا تھا۔	
مگر والد صاحب کی طبیعت دیکھ کر قصد نہیں کر پا رہا ہوں۔	مگر والد صاحب کی طبیعت دیکھ کر ارادہ نہیں کر پا رہا ہوں۔	
وہ تینوں بس اسٹاپ پر کھڑے آپس میں گفتگو کر رہے تھے۔	وہ تینوں بس اسٹاپ پر کھڑے آپس میں بات چیت کر رہے تھے۔	
دیکھو راشد لڑکی نے ہوائی آلودگی سے بچنے کے لئے پورا دوپٹہ اپنے چہرے پر لپیٹ رکھا ہے۔	 دیکھو راشد لڑکی نے ہوائی آلودگی سے بچنے کے لئے پورا دوپٹہ اپنے چہرے پر لیا ہوا ہے ۔	
نہیں ایسی بات نہیں ہے	نہیں ایسی بات نہیں ہے 	
دراصل وہ لڑکی بڑی با حیا ہے اپنے چہرے کی نمائش پسند نہیں کرتی۔	دراصل  وہ لڑکی بڑی با حیا ہے اپنے چہرےکو دیکھانا پسند نہیں کرتی۔	
تیسرے نے کہا۔ سچ تو یہ ہے کہ وہ جس نوجوان کی اسکوٹر پر سوار ہے۔	تیسرے نے کہا۔ سچ تو یہ ہے کہ وہ جس نوجوان کی اسکوٹر پر سوار ہے۔	
وہ اسکا عاشق ہے اور محترمہ اپنے ماں باپ کا نام دوپٹہ میں چھپا رہی ہے۔	وہ اسکا عاشق ہے اور محترمہ اپنے ماں باپ کا نام دوپٹہ میں چھپا رہی ہے۔	
تاکہ اُن کی عزت پر کوئی حرف نہ آئے!	تاکہ اُن کی عزت پر کوئی سوال نہ آئے۔	
دُور بہت دُور اونچی چوٹی پر عرصہ دراز سے کئی چراغ شام میں خود ہی روشن ہو جاتے تھے اور رات دیر تک اپنی روشنی سے بھٹکے ہوئے مسافروں کو راستہ دکھاتے تھے۔	دُور بہت دُور اونچی پہاڑی پر بہت عرصہ سے کئی چراغ شام میں خود ہی روشن ہو کر رات دیر تک بھٹکے ہوئے مسافروں کو راستہ دکھاتے تھے۔	
لیکن اُس دن چند لوگ شام کے وقت اُس چوٹی پر چڑھ آئے اور چراغوں کے لئے لڑنے لگے۔	لیکن اُس دن چند لوگ شام کے وقت اُس پہاڑی پر چڑھ آئے اور چراغوں کے لئے لڑنے لگے۔	
پھر جب تیرے میرے چراغوں کی ضد حد سے تجاوز کر گئی۔	پھر جب تیرے میرے چراغوں کی ضد حد سےبڑھ گئ ۔	
تو ایک تیز ہوا کا جھونکا آیا اور تمام چراغوں کو ہمیشہ ہمیشہ کے لئے بجھا کر چلا گیا۔	تو ایک تیز ہوا کا جھونکا آیا اور تمام چراغوں کو ہمیشہ ہمیشہ کے لئے بجھا کر چلا گیا۔	
اب وہ مایوس خالی ہاتھ چوٹی سے نیچے اتر رہے تھے۔	اب وہ ناکام خالی ہاتھ چوٹی سے نیچے اتر رہے تھے۔	
وہ معلّمہ انگلش میڈیم سے پڑھ رہے اپنے خوبصورت بچوں کا ہمیشہ ذکر کرتے ہوئے کہتی۔	وہ معلّمہ انگلش میڈیم سے پڑھ رہے اپنے خوبصورت بچوں کا ہمیشہ ذکر کرتے ہوئے کہتی۔	
میں اپنے بچوں کو خوب پڑھاؤں گی۔ 	میں اپنے بچوں کو خوب پڑھاؤں گی۔ 	
ان کے والد کی طرح ڈاکٹر بناؤں گی	ان کے والد کی طرح ڈاکٹر بناؤں گی	
اس نے اپنے بچوں کی پرورش اور نگہداشت میں کوئی کسر اٹھا نہ رکھی تھی۔ 	اس نے اپنے بچوں کی پرورش اور دیکھ بھال میں کوئی کمی نہیں آنے دئ۔	
دونوں بچوں کی تعلیم اور ان کے رکھ رکھاؤ پر وہ خوب روپیہ خرچ کرتی تھی۔	دونوں بچوں کی تعلیم اور ان کے دیکھ بھال پر وہ خوب روپیہ خرچ کرتی تھی۔	
لیکن حالات نے اچانک رخ بدلا۔	لیکن حالات نے اچانک رخ بدلا۔	
معلّمہ کینسر جیسے جان لیوا مرض میں مبتلا ہو گئی اور ایک ماہ کے عرصہ میں ہی اس دنیا سے چل بسی۔	معلّمہ کینسر جیسے خطرناک بیماری میں مبتلا ہو گئی اور ایک مہینےکے وقت میں ہی اس دنیا سے چل بسی۔	
ماں کے رخصت ہو جانے پر معصوم بچے باپ کی زیر نگرانی پلنے لگے۔	ماں کے رخصت ہو جانے پر معصوم بچے باپ کی نگرانی میں پلنے لگے۔	
ایک سال بعد باپ نے دوسری شادی کر لی۔	ایک سال بعد باپ نے دوسری شادی کر لی۔	
بچے انگلش اسکول سے اردو اسکول میں آ گئے اور پھر ایک دن وہ لاچار اور مجبور بچے اسکول کے احاطے میں اس لائن میں کھڑے تھے۔	بچے انگلش اسکول سے اردو اسکول میں آ گئے اور پھر ایک دن وہ بے بس اور مجبور بچے اسکول کے کونے میں اس لائن میں کھڑے تھے۔	
جہاں زکوٰۃ کے پیسوں سے غریب مستحق بچوں کو اسکول یونیفارم تقسیم کئے جا رہے تھے۔	جہاں زکوٰۃ کے پیسوں سے غریب حق دار بچوں کو اسکول یونیفارم تقسیم کئے جا رہے تھے۔	
صوم صلوٰۃ کی پابند ایک ضعیف عورت نے چھ سالہ پڑوسی بچہ سے ایک دن پوچھا۔	نماز و روزہ کی پابند ایک بوڑھی عورت نے چھ سالہ پڑوسی بچہ سے ایک دن پوچھا۔	
بیٹا تمہارے ابو جان نماز کے اوقات میں کبھی مسجد جاتے دکھائی نہیں دیتے کیا تمہارے ابو گھر ہی میں نماز پڑھتے ہیں؟	بیٹا تمہارے ابو جان نماز کے وقت میں کبھی مسجد جاتے دکھائی نہیں دیتے کیا تمہارے ابو گھر ہی میں نماز پڑھتے ہیں؟	
نہیں آنٹی میرے پاپا تو ہینڈ سم ہیں۔	نہیں آنٹی میرے پاپا تو خوبصورت ہیں۔	
 وہ نماز کیوں پڑھنے لگے بھلا۔	 وہ نماز کیوں پڑھنگے-	
نماز تو بوڑھے لوگ پڑھتے ہیں نا؟	نماز تو بوڑھے لوگ پڑھتے ہیں۔	
بچہ نے بڑی معصومیت سے کہا اور اپنا رُخ ٹی۔وی کی جانب کر کے ٹی۔ وی پر رقص کر رہی عورتوں کی طرح خود بھی رقص کرنے لگا۔	بچہ نے بڑی معصومیت سے کہا اور اپنا رُخ ٹی۔وی کی طرف کر کے ٹی۔ وی پر ڈانس کر رہی عورتوں کی طرح خود بھی ڈانس کرنے لگا۔	
ٹرین اپنی رفتار سے دوڑ رہی تھی۔	ٹرین اپنی رفتار سے چل رہی تھی۔	
میرے سامنے کی برتھ پر بیٹھی عورت اپنے بغل میں بیٹھے شخص سے باتیں کرتے کرتے اسکے شانے پر سر رکھ کر سو گئی تھی۔	میرے سامنے کی سیٹ پر بیٹھی عورت اپنے ساتھ بیٹھے شخص سے باتیں کرتے کرتے اسکے کاندھے پر سر رکھ کر سوگئی تھی۔	
ایک گھنٹہ بعد جب ٹرین کی رفتار سُست ہوئی۔	ایک گھنٹہ بعد جب ٹرین کی رفتار کم ہوئی۔	
تو اُس نے اسکا سر اپنے شانے سے اٹھایا اور پھر اُسے الوداعی بوسہ دیکر یہ کہتے ہوئے کھڑا ہو گیا۔	تو اُس نے اسکا سر اپنے کاندھے سے اٹھایا  اور پھر اُسے پیار دیتے ہوئے یہ کہتے ہوئے کھڑا ہو گیا۔	
میں بھی مسافر۔ تم بھی مسافر۔ اب بھگوان جانے کب ملاقات ہو۔	میں بھی مسافر۔ تم بھی مسافر۔ اب بھگوان (ہندوں کا رب) جانے کب ملاقات ہو۔	
اُس نے بھی اُسے بخوشی رخصت کیا۔	اُس نے بھی اُسے خوشی سے خدا حافظ کیا۔	
ٹرین پلیٹ فارم پر لگ چکی تھی۔	ٹرین پلیٹ فارم پر رک گئی۔	
وہ اترا اور بھیڑ میں گم ہو گیا۔	وہ اترا اور بہت سے لوگوں میں گم ہو گیا۔	
اور وہ ٹرین کے دروازے پر کھڑی پھر کسی نئے ہم سفر کا انتظار کرنے لگی۔	اور وہ ٹرین کے دروازے پر کھڑی پھر کسی نئے ہم سفر کا انتظار کرنے لگی۔	
شاید وہ دس گیارہ سال کی بچی ہوگی۔	شاید وہ دس گیارہ سال کی بچی ہوگی۔	
اُس نے ہاتھ ہلا کر مجھ سے لفٹ مانگی میں نے گاڑی روک کر اُسے بٹھا لیا۔	اُس نے ہاتھ ہلا کر مجھ سے سواری مانگی میں نے گاڑی روک کر اُسے بٹھا لیا۔	
لیکن مجھے اسکا اسطرح لفٹ مانگنا اچھا نہیں لگا۔	لیکن مجھے اسکا اسطرح سواری مانگنا اچھا نہیں لگا۔	
میں نے کہا۔ کہاں جانا چاہتی ہو؟ "درپن نگر۔"	میں نے پوچھا کہاں جانا چاہتی ہو "درپن نگر۔"	
درپن نگر جانا ہی تھا تو بس کا انتظار کر لیتی"۔	درپن نگر جانا ہی تھا تو بس کا انتظار کر لیتی۔	
بس سے جانے کے لئے پیسے چاہیے اور میرے پاس۔ وہ کہتے کہتے رک گئی۔	بس سے جانے کے لئے پیسے چاہیے اور میرے پاس۔ وہ کہتے کہتے رک گئی۔	
اچھا، درپن نگر میں کہاں ڈراپ کروں۔؟	اچھا۔۔ درپن نگر میں کہاں ڈراپ کروں۔؟	
بیئر بار کے پاس۔	شراب خانے  کے پاس۔	
کیا تم بیئر بار میں کام میں کرتی ہو؟	کیا تم شراب خانے میں کام کرتی ہو؟	
نہیں میں بئیر بار کے سامنے کھڑی کاریں صاف کرتی ہوں۔	نہیں میں شراب خانے کے سامنے کھڑی کاریں صاف کرتی ہوں۔	
کتنا مل جاتا ہے۔	کتنا مل جاتا ہے۔	
یہی بیس پچیس روپئے۔	یہی بیس پچیس روپئے۔	
لیکن مینجر نے کہا ہے تم جلدی بڑی ہو جاؤ۔	لیکن مینجر نے کہا ہے تم جلدی بڑی ہو جاؤ۔	
میں تمہیں بیئر بار میں رکھ لوں گا۔	میں تمہیں شراب خانے میں رکھ لوں گا۔	
تب مجھے تنخواہ بھی ملے گی اور ٹپس الگ۔	تب مجھے تنخواہ بھی ملے گی اور ٹپس الگ۔	
آپ بھگوان سے میرے لئے پرارتھنا کرو کہ میں جلدی بڑی ہو جاؤں۔	آپ رب سے میرے لئے دعا کرو کہ میں جلدی بڑی ہو جاؤں۔	
میں نے کہا۔ ہاں۔ ہاں کیوں نہیں۔	میں نے کہا۔ہاں کیوں نہیں-	
تھوڑی دیر خاموشی کے بعد وہ خود ہی کہنے لگی۔	تھوڑی دیر خاموشی کے بعد وہ خود ہی کہنے لگی۔	
میری ترقی ہو جائے۔ پھر دیکھنا میں اپنے بوڑھے پتا جی کو کچھ نہیں کرنے دوں گی۔	میری ترقی ہو جائے۔ پھر دیکھنا میں اپنے بوڑھے پتا جی کو کچھ نہیں کرنے دوں گی۔	
میں سوچنے لگا۔ یہ غریبی بھی کیسی مجبوری ہے جہاں بچے اپنا انمول بچپن بے چینی سے جوانی کے انتظار میں گزارتے ہیں۔	میں سوچنے لگا۔ یہ غریبی بھی کیسی مجبوری ہے جہاں بچے اپنا قیمتی بچپن بے چینی سے جوانی کے انتظار میں گزارتے ہیں۔	
درپن نگر کا بیئر بار آیا	درپن نگر کا شراب خانہ آیا	
تو میں نے دیکھا میری اسکوٹی سے اتر کر بیئر بار جاتی ہوئی وہ دس گیارہ سال کی چھوٹی سی بچی مجھے یوں بھی بہت بڑی معلوم ہو رہی تھی۔!!	تو میں نے دیکھا میری اسکوٹی سے اتر کر شراب خانہ جاتی ہوئی وہ دس گیارہ سال کی چھوٹی سی بچی مجھے یوں بھی بہت بڑی  لگ رہی تھی۔	
صائمہ خالہ کے بڑے لڑکے  کی شادی ہوئی تھی۔	کل صائمہ خالہ کے بڑے بیٹھے کی شادی ہوئی تھی۔	
صائمہ خالہ گھر آنے والی خواتین کی خاطر داری میں مصروف تھیں۔	صائمہ خالہ مہمان  کی خدمت  میں مصروف تھیں۔	
اتنے میں کسی خاتون نے کہا۔	اتنے میں کسی خاتون نے کہا۔	
صائمہ خالہ خاطر تواضع تو شام میں بھی ہوتی رہے گی۔	صائمہ خالہ خدمات تو شام میں بھی ہوتی رہے گی۔	
ابھی تو ہم بڑی بہو کا جہیز دیکھنے آئے ہیں۔	ابھی تو ہم بڑی بہو کا جہیز دیکھنے آئے ہیں۔	
خالہ نے کہا۔ ٹھیک ہے۔	خالہ نے کہا۔ ٹھیک ہے۔	
اﷲ کا کرم ہے۔	اﷲ کا کرم ہے۔	
کہ مجھے جہیز میں سب کچھ مل گیا ہے۔	کہ مجھے جہیز میں سب کچھ مل گیا ہے۔	
دلہن کے کمرے میں آؤ میں تمہیں جہیز دکھاتی ہوں۔	دلہن کے کمرے میں آؤ میں تمہیں جہیز دکھاتی ہوں۔	
پھر انھوں نے دلہن کا گھونگھٹ اٹھایا اور کہا۔	پھر انھوں نے دلہن کا چہرا دیکھایا اور کہا۔	
دیکھو یہ ہے میرا اصل جہیز	دیکھو یہ ہے میرا اصل جہیز	
وہ امیر شہری تھا	وہ امیر شہری تھا۔	
اُس نے اپنی پوری زندگی دولت بٹورنے میں لگا دی۔	اُس نے اپنی پوری زندگی دولت جمع کرنے میں لگا دی۔	
شہر میں اسکی کئی فلک بوس عمارتیں تھیں۔	شہر میں اسکی کئی اونچی عمارتیں تھیں۔	
 لاکھوں روپیہ بینک بیلنس تھا۔	لاکھوں روپیہ بینک میں تھا۔	
وہ کہتا تھا دنیا میں دولت ہی سب کچھ ہے۔	وہ کہتا تھا دنیا میں دولت ہی سب کچھ ہے۔	
لیکن جب اُسے جان لیوا لاحق ہوا اور ڈاکٹر وں نے جواب دے دیا۔	لیکن جب اُسے خطرناک بیماری ہوئی اور ڈاکٹر وں نے جواب دے دیا۔	
تو وہ دولت مند شخص بہت مجبور اور بے بس پلنگ پر پڑا اپنے بیٹے سے کہہ رہا تھا۔	تو وہ امیر شخص بہت مجبور اور بے بس پلنگ پر پڑا اپنے بیٹے سے کہہ رہا تھا۔	
بیٹا اس دنیا میں آرام و آسائش کے ساتھ جینے کے لئے میں نے بہت دولت بٹوری۔	بیٹا اس دنیا میں آرام و آسائش کے ساتھ گزارنے کے لئے میں نے بہت دولت جمع کی۔	
لیکن آج مجھے زندہ رکھنے کے لئے یہ دولت بھی کام نہ آئی اور اب جہاں مجھے ہمیشہ ہمیشہ کے لئے رہنا ہے وہاں کے لئے میں نے کچھ نہ کیا۔	لیکن آج مجھے زندہ رکھنے کے لئے یہ دولت بھی کام نہ آئی اور اب جہاں مجھے ہمیشہ ہمیشہ کے لئے رہنا ہے وہاں کے لئے میں نے کچھ نہ کیا۔	
بیٹا۔ آج میرے سامنے دولت کا انبار ہے۔	بیٹا۔ آج میرے پاس دولت کی ڈھیر ہے۔	
لیکن اسکے باوجود میں زندہ نہیں رہ سکتا۔	لیکن اسکے باوجود میں زندہ نہیں رہ سکتا۔	
میں کتنا بے بس اور غریب ہوگیا ہوں۔	میں کتنا بے بس اور غریب ہوگیا ہوں۔	
کہ جا رہا ہوں تو میرا سیدھا ہاتھ خالی ہے۔	کہ جا رہا ہوں تو میرا سیدھا ہاتھ خالی ہے۔	
خدارا میری غربت پر رحم فرما-	اےخدا میری غربت پر رحم فرما-	
اُس کا رشتہ طے ہونے کے بعد لڑکے اور اسکے والدین نے جہیز میں قیمتی چیزوں کی فرمائش شروع کر دی تھی۔	اُس کا رشتہ طے ہونے کے بعد لڑکے کے گھر والوں نے جہیز میں قیمتی چیزوں کی خواھش شروع کر دی تھی۔	
لڑکے کی فرمائش تھی کہ اُسے جہیز میں رنگین ٹی وی اور بائک بھی ملے۔	لڑکے کی خواھش تھی کہ اُسے جہیز میں رنگین ٹی وی اور بائک بھی ملے۔	
اسکے والد اپنی ملازمت سے سبکدوش ہو چکے تھے۔	اسکے والد نوکری پوری کرچکے تھے۔	
سبکدوشی کے بعد جو بھی روپیہ ہاتھ آیا تھا۔	نوکری پوری کرنے کے بعد جو بھی روپیہ ہاتھ آیا تھا۔	
اُن روپیوں سے اسکی تین بہنوں کے ہاتھ پیلے کرنے تھے۔	اُن روپیوں سے اسکی تین بہنوں کی شادی کرنی تھی۔	
لیکن چونکہ رشتہ طے ہو چکا تھا۔	لیکن چونکہ رشتہ طے ہو چکا تھا۔	
دعوت نامے تقسیم ہو چکے تھے۔	کاڈز تقسیم ہو چکے تھے۔	
لہذا اسکے والد نے لڑکے اور اسکے والدین کی خواہشوں کو پورا کرنے میں کوئی کسر نہ چھوڑی۔	لہذا اسکے والد نے لڑکے اور اسکے والدین کی خواہشوں کو پورا کرنے میں کوئی کمی نہ چھوڑی۔	
شادی کے دوسرے دن اُس نے جب اپنے شوہر کے کمرے کا جائزہ لیا۔	شادی کے دوسرے دن اُس نے اپنے شوہر کے کمرے کا جائزہ لیا۔	
تو اُسے بہت سے انعامات الماریوں میں سجے نظر آئے۔	تو اُسے بہت سے انعامات الماریوں میں رکھے نظر آئے۔	
اسکے شوہر نے اُسے بتایا کہ یہ سب انعامات اُسے مختلف مقابلوں میں نمایاں مقام حاصل کرنے پر ملے ہیں۔	اسکے شوہر نے اُسے بتایا کہ یہ سب انعامات اُسے مختلف مقابلوں میں بڑا مقام حاصل کرنے پر ملے ہیں۔	
اُس نے ایک شیلڈ کی جانب اشارہ کرتے ہوئے کہا "دیکھو یہ شِلڈ مجھے بین المدارس مضمون نویسی مقابلہ میں اوّل مقام حاصل کرنے پر ملی ہے۔"	اُس نے ایک شیلڈ کی طرف اشارہ کرتے ہوئے کہا دیکھو یہ شِلڈ مجھے مضمون لکھای کے مقابلہ میں اوّل مقام حاصل کرنے پر ملی ہے۔"	
اُس نے پوچھا۔ مضمون کا عنوان آپ کو یاد ہے۔	اُس نے پوچھا۔ مضمون کا عنوان آپ کو یاد ہے۔	
شوہر نے کہا۔"جی ہاں۔ آج کے دور کا سلگتا مسئلہ جہیز ایک سماجی لعنت ہے۔"	شوہر نے کہا۔جی ہاں۔ آج کے دور کا  مسئلہ جہیز ایک معاشرتی لعنت ہے۔	
میرے دوست۔۔ آج اُس لڑکی کا انتقال ہوا جسے باون سال پہلے میں نے سر راہ دیکھا تھا۔	میرے دوست۔۔ آج اُس لڑکی کا انتقال ہوا جسے باون سال پہلے میں نے راستے میں دیکھا تھا۔	
اُسے دیکھ کر میرے دل میں یہ خیال آیا تھا۔	اُسے دیکھ کر میرے دل میں یہ خیال آیا تھا۔	
کہ کاش یہ خوبصورت لڑکی میری شریک حیات بن جائے۔	کہ کاش یہ خوبصورت لڑکی میری بیوی بن جائے۔	
اسی وقت میں نے آسمان کی جانب نگاہیں اٹھا کر اﷲ تعالیٰ سے اُس لڑکی کو اپنے لئے مانگا۔	اسی وقت میں نے آسمان کی طرف نظریں اٹھا کر اﷲ تعالیٰ سے اُس لڑکی کو اپنے لئے مانگا۔	
وہ بڑی بے تکلف تھی میرے دل کے نہاں خانہ میں چپ چاپ چلی آئی۔	وہ بڑی بے تکلف تھی میرے دل کے گہرائی میں چپ چاپ چلی آئی۔	
لیکن میں نے یہ بات چھپائے رکھی۔	لیکن میں نے یہ بات چھپائے رکھی۔	
میں اس بات کا اظہار کرتا بھی کیسے والدین کی مرضی مقدم تھی۔	میں اس بات کا اظہار کرتا بھی کیسے والدین کی مرضی عزیز تھی۔	
دو سال بعد والدین نے میرے لئے لڑکی تلاش کرنے کا سلسلہ شروع کیا اور پھر اپنی مرضی اور خواہش کے مطابق میرے لئے لڑکی پسند کی	دو سال بعد والدین نے میرے لئے لڑکی تلاش کرنے کا سلسلہ شروع کیا اور پھر اپنی مرضی اور خواہش کے مطابق میرے لئے لڑکی پسند کیی۔	
پھر وہ وقت بھی آگیا جس دن میری شادی ہوئی تھی۔	پھر وہ وقت بھی آگیا جس دن میری شادی ہوئی تھی۔	
عقد ہو جانے کے بعد جیسے ہی میری نگاہ اس پر پڑی میری حیرت کی انتہا نہ رہی اور میں بہت جذباتی ہو گیا۔	شادی ہو جانے کے بعد جیسے ہی میری نظر اس پر پڑی میری حیرت کی انتہا نہ رہی اور میں بہت جذباتی ہو گیا۔	
اور خوشی و مسرت کے جذبات میں بے ساختہ چلّایا  تم وہی ہو تم وہی ہو۔	اور خوشی و مسرت کے جذبات میں بے ساختہ چلّایا "تم وہی ہو تم وہی ہو۔	
وہ تمام مذاہب کی کتابوں کا مطالعہ کرنے کے بعد دامن اسلام میں داخل ہوا تھا اور دین فطرت کے عین مطابق اپنی از سر نو زندگی کا آغاز کر چکا تھا۔	وہ سارے مذاہب کی کتابوں کا مطالعہ کرنے کے بعد دامن اسلام میں داخل ہوا تھا اور دین حکم  کے بلکل مطابق اپنی نئی زندگی پھر سے شروع کر چکا تھا۔	
ایک دن پاس پڑوس کے چند لوگوں نے اس سے کہا اب تمہیں شادی کر لینی چاہیے۔	ایک دن قریب پڑوس کے چند لوگوں نے اس سے کہا اب تمہیں شادی کر لینی چاہیے۔	
ہم نے ایک لڑکی دیکھی ہے۔	ہم نے ایک لڑکی دیکھی ہے۔	
وہ لوگ تعلیم یافتہ اور خاندانی مسلمان ہیں۔	وہ لوگ تعلیم یافتہ اور خاندانی مسلمان ہیں۔	
دوسرے دن وہ اُن لوگوں کے ساتھ ایک عالیشان مکان میں داخل ہوا۔	دوسرے دن وہ اُن لوگوں کے ساتھ ایک بڑے سے مکان میں داخل ہوا۔	
اُسے چاروں طرف نگاہیں دوڑائیں،	اُسنے چاروں طرف دیکھا۔	
اُسے ہر طرف مغربی تہذیب کی جھلکیاں دکھائی دیں۔	اُسے ہر طرف انگریز معاشرے کی جھلکیاں دکھائی دیں۔	
بغل کے روم سے ڈانس میوزک کی آواز آ رہی تھی۔	ساتھ کمرے سے ڈانس میوزک کی آواز آ رہی تھی۔	
والدہ نے اپنی لڑکی کو آواز دی۔	والدہ نے اپنی لڑکی کو آواز دی۔	
تھوڑی دیر بعد میوزک بند ہو گئی اور لڑکی مختصر کپڑوں میں ملبوس روم سے باہر نکل آئی۔	تھوڑی دیر بعد میوزک بند ہو گئی اور لڑکی چھوٹے  کپڑے پہنے کمرے سے باہر نکل آئی۔	
ہیلو ڈیڈ۔۔۔ مجھے کیوں بلایا؟	ہیلو ڈیڈ- مجھے کیوں بلایا؟	
اس سے قبل کہ والد بیٹی کو بلانے کی وجہ بتاتے نو مسلم لڑکا یہ کہہ کر کھڑا ہو گیا۔	اس سے پہلے کہ والد بیٹی کو بلانے کی وجہ بتاتے نیا مسلم لڑکا یہ کہہ کر کھڑا ہو گیا۔	
مجھے معاف کیجئے میں دو سال قبل جس معاشرے سے لوٹ آیا ہوں۔	مجھے معاف کیجئے میں دو سال قبل جس معاشرے سے لوٹ آیا ہوں۔	
دوبارہ اسی معاشرہ میں نہیں جانا چاہتا۔	دوبارہ اسی معاشرہ میں نہیں جانا چاہتا۔	
یہ سن کر لڑکی کی والدہ کے چہرے پر پسینے کی بوندیں ابل پڑیں اور چہرے پر غازہ کی پرت کو دھونے لگیں۔	یہ سن کر لڑکی کی والدہ کے چہرے پر پسینے کی بوندیں ابل پڑیں اور چہرے پر غازہ کی پرت کو دھونے لگیں۔	
سمیر اپنے گاؤں سے شہر تعلیم حاصل کرنے کی غرض سے آیا تھا۔	سمیر اپنے گاؤں سے شہر تعلیم حاصل کرنے کے مقصد آیا تھا۔	
شہر کے کالج میں تعلیم حاصل کرتے ہوئے اُسے تقریباً پانچ سال کا عرصہ ہو چکا تھا۔	شہر کے کالج میں تعلیم حاصل کرتے ہوئے اُسے تقریباً پانچ سال کا عرصہ ہو چکا تھا۔	
ان پانچ سالوں میں وہ اسکی ہم جماعت غزالہ کی محبت میں بھی گرفتار ہوا تھا۔	ان پانچ سالوں میں وہ اپنی کلاس کی غزالہ کی محبت میں بھی گرفتار ہوا تھا۔	
اب وہ غزالہ کو کسی طرح اپنے سے دور نہیں دیکھنا چاہتا تھا۔	اب وہ غزالہ کو کسی طرح اپنے سے دور نہیں دیکھنا چاہتا تھا۔	
غزالہ بھی اُسے چاہنے لگی تھی۔	غزالہ بھی اُسے محبت کرنے لگی تھی۔	
ایک دن جب غزالہ نے اپنی امّی سے یہ خواہش ظاہر کی کہ وہ سمیر سے ہی شادی کرنا چاہتی ہے۔	ایک دن جب غزالہ نے اپنی امّی سے یہ خواہش ظاہر کی کہ وہ سمیر سے ہی شادی کرنا چاہتی ہے۔	
تو اسکے والدین آگ بگولہ ہو گئے اور انھوں نے اسکی خواہش کو ٹھکرا دیا۔	تو اسکے والدین  غصہ ہوئے اور انھوں نے اسکی خواہش کونہیں مانا۔	
والدین کے انکار کے بعد سمیر نے غزالہ کو چپ چاپ شہر چھوڑ کر کسی دوسرے شہر اسکے ہمراہ چلنے کے لئے راضی کر لیا۔	والدین کے انکار کے بعد سمیر نے غزالہ کو چپ چاپ شہر چھوڑ کر کسی دوسرے شہر اسکے  ساتھ چلنے کے لئے راضی کر لیا۔	
اب سمیر اپنے کمرے میں بکھرے سامان کو سمیٹ رہا تھا۔	اب سمیر اپنے کمرے میں بکھرے سامان کو اکھٹا کر رہا تھا۔	
انھیں آج رات ایک بجے آنے والی ٹرین سے شہر چھوڑ نا تھا۔	انھیں آج رات ایک بجے آنے والی ٹرین سے شہر چھوڑ نا تھا۔	
ابھی وہ اپنے سامان کی پیکنگ کر ہی رہا تھا۔	ابھی وہ اپنے سامان پیک ہی رہا تھا۔	
کہ اسکے موبائل کی میوزک بج اٹھی۔	کہ اسکے موبائل پر کال آئ۔	
موبائل پر آیا فون نمبر اسکے گھر کے پڑوس کا تھا۔	موبائل پر آیا فون نمبر اسکے گھر کے پڑوس کا تھا۔	
اُس نے موبائل اپنے کانوں سے لگا لیا۔	اُس نے موبائل اپنے کانوں سے لگا لیا۔	
اسکے والد درد بھری آواز میں اس سے کہہ رہے تھے۔	اسکے والد تکلیف دے اواز میں اس سے کہہ رہے تھے۔	
بیٹا تمہاری بہن شہر سے آئے ایک نوجوان کے ساتھ پتہ نہیں کہاں چلی گئی ہے۔	بیٹا تمہاری بہن شہر سے آئے ایک نوجوان کے ساتھ پتہ نہیں کہاں چلی گئی ہے۔	
تم فوراً چلے آؤ خاندان کی آبرو خطرے میں ہے۔	تم فوراً چلے آؤ خاندان کی عزت خطرے میں ہے۔	
گاؤں کے لوگ بہت خوش تھے۔	گاؤں کے لوگ بہت خوش تھے۔	
اُن کے گاؤں کا لڑکا وزیر بن چُکا تھا۔	اُن کے گاؤں کا لڑکا وزیر بن چُکا تھا۔	
وزیر بنتے ہی اُس نے اپنے گاؤں جا کر وہاں کے لوگوں کے حالات جاننے اور وہاں ایک عام سبھا لے کر گاؤں کا وکاس کرنے کا بھی اعلان کیا۔	وزیر بنتے ہی اُس نے اپنے گاؤں جا کر وہاں کے لوگوں کے حالات جاننے اور وہاں ایک عام سبھا لے کر گاؤں کا وکاس کرنے کا بھی اعلان کیا۔	
اس اعلان کے بعد گاؤں کے لوگوں نے اپنے وزیر کی آمد پر استقبال کے لیے زور و شور سے تیاریاں شروع کر دیں۔ 	اس اعلان کے بعد گاؤں کے لوگوں نے اپنے وزیر کی آنے پر استقبال کے لیے زور و شور سے تیاریاں شروع کر دیں۔ 	
حکومت کے ذمہ داران بھی وہاں پہنچے۔	حکومت کے ذمہ داران بھی وہاں پہنچے۔	
گاؤں اور گاؤں کے باہر کا جائزہ لے کر عام سبھا کے لئے میدان تیار کرنے کا حکم دے دیا۔	گاؤں کےآس پاس کا جائزہ لے کر عام سبھا کے لئے میدان تیار کرنے کا حکم دے دیا۔	
دوسرے دن سینکڑوں مزدور گاؤں کے باہر گھنے جنگل کو کاٹ کر چٹیل میدان میں تبدیل کرنے لگے۔	دوسرے دن سینکڑوں مزدور گاؤں کے باہر گھنے جنگل کو کاٹ کربڑے میدان میں تبدیل کرنے لگے۔	
تاکہ منتری جی کی عام سبھا میں زیادہ سے زیادہ لوگ شریک ہوں اور وکاس کے کاموں کا اعلان کیا جا سکے۔	تاکہ منتری جی کی عام اجلاس میں زیادہ سے زیادہ لوگ شریک ہوں اور وکاس کے کاموں کا اعلان کیا جا سکے۔	
عمران روزگار کے سلسلے میں اپنے گاؤں سے شہر آیا تھا اور گذشتہ دو سال سے جمیل سیٹھ کی چار منزلہ عمارت میں ایک کمرہ کرایہ پر لے کر رہ رہاتھا۔	عمران  نوکری کے سلسلے میں اپنے گاؤں سے شہر آیا تھا اور گزرے دو سال سے جمیل سیٹھ کی چار منزلہ عمارت میں ایک کمرہ کرایہ پر لے کر رہ رہاتھا۔	
جمیل سیٹھ کا بڑا لمبا چوڑا کاروبار تھا۔	جمیل سیٹھ کا بہت بڑا  کاروبار تھا۔	
لیکن اُنھیں کوئی اولاد نہ تھی۔	لیکن اُنھیں کوئی اولاد نہ تھی۔	
ایک دن اچانک جمیل سیٹھ کو دل کا دورہ پڑا اور وہ اس دنیا سے چل بسے۔	ایک دن اچانک جمیل سیٹھ کو دل کا دورہ پڑا اور وہ  فوت ہو گئے۔	
ایک سال بعد عمران نے مرحوم کی بیوی سے نکاح کر لیا۔	ایک سال بعد عمران نے سیٹھ کی بیوی سے نکاح کر لیا۔	
اور مرحوم جمیل سیٹھ کے لمبے چوڑے کاروبار کو سنبھال لیا۔	اور مرحوم جمیل سیٹھ کے بڑے کاروبار کو سنبھال لیا۔	
اب لوگ اُسے عمران سیٹھ کے نام سے پُکارنے لگے تھے۔	اب لوگ اُسے عمران سیٹھ کے نام سے پُکارنے لگے تھے۔	
اُن کی محکمہ تعلیمات میں آفیسر کی حیثیت سے ترقی ہوئی تھی۔	اُن کی  تعلیمات کے ادارے میں آفیسر کے طور پر ترقی ہوئی تھی۔	
دو روز بعد انھوں نے آفس کے ٹیبل پر رکھے فائلوں کا جائزہ لیا۔	دو روز بعد انھوں نے آفس کے ٹیبل پر رکھے فائلوں کو پڑھا-	
چند فائلوں پر دستخط کرنے کے بعد انھوں نے اپنے متعلقہ کلرک کو بُلا کر کہا۔	چند فائلوں پر دستخط کرنے کے بعد انھوں نے اپنے وابستہ کلرک کو بُلا کر کہا۔	
میں ان فائلوں پر دستخط نہیں کروں گا۔	میں ان فائلوں پر دستخط نہیں کروں گا۔	
تم اُن لوگوں سے کہہ دو کہ میں قانون کے دائرے میں رہ کر ہی کام کرنے کا عادی ہوں۔	تم اُن لوگوں سے کہہ دو کہ میں قانون کے دائرے میں رہ کر ہی کام کرنے کا عادی ہوں۔	
یہ سن کر کلر ک مایوس ہو کر کیبن سے باہر آگیا۔	یہ سن کر کلر ک مایوس ہو کر آفس سے باہر آگیا۔	
دوسرے دن صاحب اُداس نظر آئے۔	دوسرے دن صاحب اُداس نظر آئے۔	
تو کلرک نے اُداسی کی وجہ پوچھی۔	تو کلرک نے اُداسی کی وجہ پوچھی۔	
صاحب نے کہا، میری بیٹی کے لیے رشتہ آیا ہے۔	صاحب نے کہا، میری بیٹی کے لیے رشتہ آیا ہے۔	
لڑکا اچھا ہے لیکن وہ لوگ پچاس ہزار نقد مانگ رہے ہیں۔مگر میرے پاس-- وہ کہتے کہتے رُک گیا۔	لڑکا اچھا ہے لیکن وہ لوگ پچاس ہزار فورا مانگ رہے ہیں۔مگر میرے پاس--وہ کہتے کہتے رُک گیا۔	
پھر کلرک نے سر گوشی والے انداز میں صاحب سے گفتگو کی۔	پھر کلرک نے سر آہستہ  انداز میں صاحب سے بات کیي۔	
دوسرے دن سبھی فائلوں پر صاحب کی دستخط ہو چکی تھی اور صاحب نے اپنی بیٹی کی شادی کی تیاری کے لئے محکمہ سے ایک ماہ کی رخصت بھی لے لی تھی۔	دوسرے دن سبھی فائلوں پر صاحب کی دستخط ہو چکا تھا اور صاحب نے اپنی بیٹی کی شادی کی تیاری کے لئے ادارے سے ایک مہینے کی چٹھی بھی لے لی تھی۔	
وہ اس شہر کا مشہور و معروف محقق، ادیب و شاعر تھا۔	وہ اس شہر کا مشہور و نامور محقق، ادیب و شاعر تھا۔	
ادبی دنیا کے نقشے میں وہ شہر اُسی کے نام سے پہچانا جاتا تھا۔	ادبی دنیا کے نقشے میں وہ شہر اُسی کے نام سے پہچانا جاتا تھا۔	
لیکن اُس کی عظمت کے نام سے منسوب اس بڑے شہر میں اُس کا اپنا ذاتی ایک چھوٹا سا مکان بھی نہ تھا۔	لیکن اُس کے عزت کے نام سے جڑے اس بڑے شہر میں اُس کا اپنا ذاتی ایک چھوٹا سا مکان بھی نہ تھا۔	
وہ کرایہ کے مکان میں اپنا خون ِ دل جلا کر شہر کے ادبی وقار کو قائم رکھے ہوئے تھا۔	وہ کرایہ کے مکان میں اپنی محنت کرکے شہر کے ادبی عزت کو قائم رکھے ہوئے تھا۔	
وہ دو لاکھ روپے کا قرض دار تھا۔	وہ دو لاکھ روپے کا قرض دار تھا۔	
روزانہ ہی لوگ اپنا روپیہ پانے کے لئے اُس کے دروازے پر دستک دیتے۔	روزانہ ہی لوگ اپنا روپیہ لینے کے لئے اُس کے دروازے پر دستک دیتے۔	
ایک دن اُس نے اُن لوگوں سے نجات پانے کا راستہ ڈھونڈ نکالا اور اس زندگی سے چھٹکارا پانے کے لئے ایک کھیت کے ویران کنویں کی جانب خود کشی کے ارادے سے چل پڑا۔	ایک دن اُس نے اُن لوگوں سے نجات پانے کا راستہ ڈھونڈا اور اس زندگی سے نجات پانے کے لئے ایک کھیت کے ویران کنویں کی طرف خود کشی کے لیے چل پڑا۔	
وہاں پہنچنے پر اُس نے دیکھا کہ کنویں کے قریب لوگوں کی بھیڑ جمع ہے۔	وہاں پہنچنے پر اُس نے دیکھا کہ کنویں کے قریب بہت سے لوگ جمع ہے۔	
لوگ ایک شخص کا ہاتھ پکڑے اُسے سمجھا رہے ہیں۔	لوگ ایک شخص کا ہاتھ پکڑے اُسے سمجھا رہے ہیں۔	
لیکن وہ خود کشی کرنے پر بضد ہے۔	لیکن وہ خود کشی کرنے پر ضد کر رہا ہے۔	
وہ جیسے ہی بھیڑ کو چیر کر اُس کے قریب پہنچا۔	وہ جیسے ہی لوگوں میں سے گزر کر اُس کے قریب پہنچا۔	
ایک شخص نے اُس سے کہا "ذرا اس شخص کو سمجھائیے یہ خود کشی کرنا چاہتا ہے۔	ایک شخص نے اُس سے کہا ذرا اس شخص کو سمجھائیے یہ خود کشی کرنا چاہتا ہے۔	
وہ آگے بڑھا اور پھر اُس نے اُسے زندگی کو زندہ دلی کے ساتھ جینے کا حوصلہ دیا۔	وہ آگے بڑھا اور پھر اُس نے اُسے زندگی کو زندہ دلی کے ساتھ جینے کا حوصلہ دیا۔	
کنویں میں اپنے پیر لٹکائے شخص نے اُس کی باتیں غور سے سنی اور خود کشی کرنے کا ارادہ ترک کرکے اُٹھ کھڑا ہوا اور اُس سے گلے ملتے ہوئے کہنے لگا۔	کنویں میں اپنے پیر لٹکائے شخص نے اُس کی باتیں غور سے سنی اور خود کشی کرنے کا ارادہ چھوڑ کے اُٹھ کھڑا ہوا اور اُس سے گلے ملتے ہوئے کہنے لگا۔	
دوست تم واقعی زندہ دل انسان ہو۔	دوست تم واقعی زندہ دل انسان ہو۔	
تمھاری باتیں مجھ پر اثر کر گئیں۔	تمھاری باتیں مجھ پر اثر کر گئیں۔	
تم میرے لئے مسیحا بن کر آئے۔	تم میرے لئے زندگی کا فرشتہ بن کر آئے۔	
پھر و ہ دونوں ایک دوسرے کے گلے میں ہاتھ ڈالے لوگوں کے ہجوم سے نکل کر گاؤں کی جانب چل پڑے۔	پھر و ہ دونوں ایک دوسرے کے گلے میں ہاتھ ڈالے لوگوں کے ہجوم سے نکل کر گاؤں کی جانب چل پڑے۔	
آدابِ اختلاف کی اصطلاح ہمارے معاشرے میں امن کی طرح مفقودہے۔	آدابِ اختلاف کی اصطلاح ہماری  اعوام میں  ہم آہنگی کی طرح غائب ہے۔ 	
اختلافِ رائے کے لئیے لازم ہے کہ آپکی کوئی رائے ہو، یہاں لوگوں کو رائے قائم کرنے تک کی تمیز نہیں رہی تو وہ کیا جانیں کہ اختلافِ رائے کس چڑیا کا نام ہوتا ہےِ۔	اختلافِ رائے کے لئیے ضروری ہے کہ آپکی اپنی بھی کوئی رائے ہو، ہمارے ہاں لوگوں کو رائے قائم کرنے تک   کا پتہ نہیں تو وہ  کیا جانیں کہ اختلافِ رائے کیا ہوتا ہےِ۔	
'بہت ہی افسوس کا مقام ہے کہ ہمارے معاشرے میں ''عزت'' اور ''احترام'' جیسے الفاظ صرف دولت مند اور صاحبِ ثروت لوگوں کی ذات تک ہی محدود ہو کر رہ گئے ہیں۔'	' یہ دکھ کی بات ہے کہ ہمارے معاشرے میں ''عزت'' اور ''احترام'' جیسے الفاظ صرف امیر کبیر لوگوں تک ہی سمٹ کر رہ گئے ہیں۔'	
کسی کی رائے کا احترام،  رشتوں کا لحاظ، بڑے چھوٹے کا احترام، آدابِ نشت و برخاست، صبر، استقامت ، بردباری، آدابِ تنقید، یہاں تک کے معاف کیجئیے گا سے لے کر شکریہ جیسے الفاظ تک  ہمارے معاشرے سے غائب ہو گئے  ہیں۔	کسی کی رائے کا ادب،  رشتوں کا پاس،بڑے چھوٹے کا  احترام،آدابِ نشت و برخاست، صبر،تحمل، برداشت ،آدابِ  اعتراض، معاف کرنے سے لے کر شکریہ جیسے الفاظ سب ہمارے معاشرے سے ختم ہوگئے ہیں۔ 	
یہ سب کبھی ہماری تہذیب کے انمول اثاثے ہوا کرتے تھے جو اب ہمارے معاشرے سے ہمارے ملک کی ترقی کے امکانات کی طرح  کہیں معدوم ہوچکے ہیں۔	یہ سب کبھی  ہماری قوم کے قیمتی  سرمائے ہوتے تھے  اوراب  ہمارے معاشرے سےترقی کی طرح غائب ہیں ۔	
بننے کے کچھ  قواعد و ضوابط ہوا کرتے ہیں لیکن بگاڑ ان سب طورطریقوں کا محتاج نہیں ہوتا ہے۔	کسی بھی چیز کو بنانے کےچند اصول  ہوتے ہیں مگر بگاڑ ان طورطریقوں  کا پابند نہیں ہوتا ۔	
تعمیر صدیاں لیتی ہے لیکن  تخریب کے لئے چندمہینے  چند سال مطلوب ہوتے ہیں۔	ترقی کو سیکڑوں سال لگتے ہیں تاہم تباہی کے لئے چند سال درکار  ہوتے ہیں۔	
 ایک پل تعمیر ہونے میں کم از کم چار سے چھ مہینے لیتا ہے لیکن گرنے پر آجائے تو چھ منٹ بھی نہیں لگتے۔	ایک پل کے بننے میں چار سے چھ مہینے  کا عرصہ لگتا ہے ،اور گرنے میں چھ منٹ نہیں لگتے ۔	
کہتے ہیں دو چیزوں کا طریقے سے استعمال نسلوں میں آتا ہے، ایک پیسے کا جائز استعمال، دوسرا تعلیم۔	کہتے  ہیں روپے اورتعلیم کا صحیح استعمال  اگلی نسلوں میں بھی آتاہے۔	
  یہ دونوں چیزیں کم از کم تین سے چار نسلیں گزرنے کے بعد اپنا جائز  مقام حاصل کر پاتی ہیں۔	تقریباً تین سے چار نسلیں گزرنے کے بعد  ان دونوں چیزوں کو اپنا صحیح مقام مل جاتا ہے۔	
 پیسے کا استعمال تعلیم سے علم سے مشروط ہوتا ہے لیکن علم کا استعمال پیسے سے مشروط نہیں ہوتا۔	پیسوں کا استعمال تعلیم پر منحصر ہے ، لیکن علم کااستعمال پیسے پر منحصر نہیں ہوتا۔	
سیانے کہتے ہیں کہ اگر آپ اولاد کے لئے مال و دولت چھوڑ کر نہیں گئے تو یہ کوئی تفکر کی بات نہیں ہے ہاں اگر آپ اسے تعلیم نہیں دلوا سکے تو اس سے بڑے تفکر کی اور کوئی بات نہیں ہوسکتی۔	سیانے کہتے ہیں کہ اگر آپ  نے اولاد کے لئے مال و دولت نہیں چھوڑ ا تو اس میں کوئی فکر کی بات نہیں لیکن اگر آپ اسے تعلیم نہیں دلوا سکے تو اس سے بڑی فکر والی کوئی اور بات نہیں ہوسکتی۔	
فرض کرلیں کہ دو والدین ہیں، ایک نے اپنی اولاد کے لئے بے تحاشہ دولت چھوڑی ہے لیکن تعلیم سے  ناآشنا  رکھا ہے۔	فرض کریں کہ دو والدین ہیں، ان میں سے ایک نے اپنی اولاد کے لئے بے شمار دولت چھوڑی ہےلیکن تعلیم سے محروم رکھا۔	
جبکہ دوسرے نے بلکل بھی دولت نہیں چھوڑی لیکن اسکی اعلیٰ تعلیم و تربیت میں کوئی کمی نہیں چھوڑی تو بہ مشکل تین سے پانچ سال کے بعد یہ منظر تبدیل ہو جائے گا۔	جبکہ دوسروں نے دولت نہیں چھوڑی لیکن اسکی بہترین تعلیم و تربیت کی ہے تو تقریباً  تین سے پانچ سال کے   اندر اندر منظر بدل جائے گا۔	
کمپیوٹر وائرس ایسا پروگرام ہے جو اپنے آپ کو ایک کمپیوٹر سے دوسرے کمپیوٹر میں داخل کرتا ہے اور جس میں بھی وہ داخل ہوتا ہے اس کے ہارڈوئیر یا سوفٹ وئیر میں چھیڑ چھاڑ کرتا ہے۔ 	کمپیوٹر وائرس  ایسا پروگرام ہے جو اپنے آپ کو ایک کمپیوٹر سے دوسرے کمپیوٹر میں ڈالتا ہے اور جس میں بھی وہ ڈلتا ہے اس کے ہارڈوئیر یا سوفٹ وئیر میں خرابی کرتا ہے۔ 	
۱۹۴۹ء میں ہنگری کا ایک باشندہ جو امریکا میں قیام پزیر ہوچکا تھا یعنی جون وون نیومان نے نیوجرسی کی ایک انسٹی ٹیوٹ میں یہ ارادہ کیا کہ اس بات کا پتہ لگایا جائے کہ کیا کمپیوٹر پروگرام ایک کمپیوٹر سے دوسرے کمپیوٹر میں خود بخود منتقل ہوسکتے ہیں یا نہیں لہٰذا 1950ء کی دہائی میں ایک ایسی کھیل بنائی گئی جس کے نتیجے میں اس کھیل کوکھیلنے والے چھوٹے چھوٹے کمپیوٹر پروگرام بناتے تھے جو اپنے حریف کے سسٹم پر حملہ آور ہوتے تھے اور اس کے پروگرام کو مٹانے کی کوشش کرتے تھے۔	۱۹۴۹ء میں ہنگری کا ایک شہری جو امریکا میں رہتا تھا یعنی جون وون نیومان نے نیوجرسی کی ایک ادارے میں یہ ارادہ کیا کہ اس بات کا پتہ لگایا جائے کہ کیا کمپیوٹر پروگرام ایک کمپیوٹر سے دوسرے کمپیوٹر میں خود بخود داخل ہوسکتے ہیں یا نہیں پس 1950ء کی دہائی میں ایک ایسی کھیل بنائی گئی جس کے نتیجے میں اس کھیل کوکھیلنے والے چھوٹے چھوٹے کمپیوٹر پروگرام بناتے تھے جو اپنے ساتھی کے  کمپیوٹر پر وار کرتے تھے اور اس کے پروگرام کو ختم کرنے کوشش کرتے تھے۔	
وائرس کو اس طریقے سے ڈیزائن کیا جاتا ہے کہ وہ ایک کمپیوٹر سے دوسرے کمپیوٹر میں منتقل ہوتے وقت یوزر کے علم سے بچ جائیں اور پتہ بھی نہ لگے کہ وائرس داخل ہوچکا ہے۔	وائرس کو اس طریقے سے شکل دی جاتی ہے کہ وہ ایک کمپیوٹر سے دوسرے کمپیوٹر میں داخل ہوتے وقت یوزر کے علم سے بچ جائیں اور پتہ بھی نہ لگے کہ وائرس داخل ہوچکا ہے۔	
جب وائرس کمپیوٹر میں داخل ہو جائے تو وہ کمپیوٹر کو اپنے کنٹرول میں لے لیتا ہے وائرس کی ان ہدایات کوجو کسی سسٹم کو خراب کرنے کا باعث بنتی ہے (Payload) کہا جاتاہے تاہم( پے لوڈ)کسی بھی فائل یا پیغام کو خراب کر دیتاہے یا پھر اس کو بدل دیتا ہے۔	جب وائرس کمپیوٹر میں داخل ہو جائے تو وہ کمپیوٹر کو اپنے قابو میں لے لیتا ہے وائرس کی ان ہدایات کوجو کسی کمپیوٹر کو خراب کرنے کا سبب بنتی ہے (Payload) کہا جاتاہے تاہم( پے لوڈ)کسی بھی فائل یا پیغام کو خراب کر دیتاہے یا پھر اس کو بدل دیتا ہے۔	
یہ کسی کھیل کی صورت میں آسکتے ہیں اور پھر اپنا کام دکھاتے ہیں ان میں سے بعض پروگرامز ایسے ہیں جو اس وقت تک عمل پزیر نہیں ہوتے جب تک وہ ایک خاص تاریخ یا وقت کو نہ پالیں۔	یہ کسی کھیل کی شکل میں آسکتے ہیں اور پھر اپنا کام دکھاتے ہیں ان میں سے کچھ پروگرامز ایسے ہیں جو اس وقت تک عمل میں نہیں ہوتے جب تک وہ ایک خاص تاریخ یا وقت کو نہ پالیں۔	
وائرس کس طرح اثر انداز ہوتے ہیں؟ جیسا کہ اوپر بیان کیا گیا ہے کہ وائرس ایک کمپیوٹر سے دوسرے کمپیوٹر میں منتقل ہوتے ہیں اور جب وہ اپنا کام شروع کر دیں تو پھر وہ کسی بھی فلیش ڈسک یا ہارڈڈرائیو جو ایک کمپیوٹر سسٹم کا حصہ ہے ان میں منتقل ہوجاتا ہے۔	وائرس کس طرح اثر انداز ہوتے ہیں؟ جیسا کہ اوپر بتایا کیا گیا ہے کہ وائرس ایک کمپیوٹر سے دوسرے کمپیوٹر میں داخل ہوتے ہیں اور جب وہ اپنا کام شروع کر دیں تو پھر وہ کسی بھی فلیش ڈسک یا ہارڈڈرائیو جو ایک کمپیوٹر سسٹم کا حصہ ہے ان میں داخل ہوجاتا ہے۔	
ایسے وائرس عام طور پر پروفیشنل مین فریم سسٹم کی نسبت پرسنل کمپیوٹرز میں زیادہ پائے جاتے ہیں کیونکہ ان پروگرامز کو سی ڈیز یا فلیش ڈسک کے ذریعے پھیلایا جاتا ہے جو  پرسنل کمپیوٹرز استعمال کرنے والوں کے کام آتی ہے۔	ایسے وائرس عام طور پر پروفیشنل مین فریم سسٹم کی بجائے پرسنل کمپیوٹرز میں زیادہ پائے جاتے ہیں کیونکہ ان پروگرامز کو سی ڈیز یا فلیش ڈسک کے ذریعے پھیلایا جاتا ہےجو  پرسنل کمپیوٹرز استعمال کرنے والوں کے کام آتی ہے۔	
وائرسز صرف اس وقت عمل پزیر ہوتے ہیں جب ان کے پروگرام کو استعمال کیا جائے لہذا اگر کوئی کمپیوٹر کسی انفیکٹڈ نیٹ ورک سے منسلک ہے ضروری نہیں کہ اس سےکمپیوٹر خرابی میں پیدا ہو۔	وائرسز صرف اس وقت عمل میں آتے ہیں جب ان کے پروگرام کو استعمال کیا جائے پس اگر کوئی کمپیوٹر کسی متاثرہ نیٹ ورک سے جڑا ہوا ہے ضروری نہیں کہ اس سےکمپیوٹر میں خرابی پیدا ہو۔	
اس کے برعکس بعض ایسے وائرس ہیں جو کسی اچھے پروگرام کے ساتھ اٹیچ ہوجاتے ہیں لہذا جب ان پروگرام کو چلایا جاتا ہے تو وائرس بھی ایکٹو ہوجاتے ہیں۔	اس کے بجائے کچھ ایسے وائرس ہیں جو کسی اچھے پروگرام کے ساتھ جڑے ہوتے ہیں پس جب ان پروگرام کو چلایا جاتا ہے تو وائرس بھی ایکٹو ہوجاتے ہیں۔	
وائرس کی بنیادی چھ اقسام ہیں جو مختلف طریقوں سے اثر پزیر ہوتے ہیں اور صرف اپنے اندر پروگرام کیے گئے احکامات بجا لاتے ہیں لہذا جو کام جس وائرس کے سپرد ہو جب تک اس کام کا وقت نہ آئے وہ کسی طرح بھی کوئی خرابی پیدا نہیں کرتے۔	وائرس کی اصلی چھ اقسام ہیں جو مختلف طریقوں سے اثر انداز ہوتے ہیں اور صرف اپنے اند رپروگرام کیے گئے احکامات بجا لاتے ہیں پس جو کام جس وائرس کے ذمے ہو جب تک اس کام کا وقت نہ آئے وہ کسی طرح بھی کوئی خرابی پیدا نہیں کرتے۔	
ایسے پروگرام کی تین بڑی اقسام ہیں جوکمپیوٹر میں خرابی کا سبب بنتے ہیں یا ڈاٹا کو متاثر کرتے ہیں۔      • ورم     • وائرس     •  ٹروجن هارس	ایسے پروگرام کی تین بڑی اقسام ہیں جوکمپیوٹر میں خرابی کی وجہ بنتے ہیں یا ڈاٹا کو اثرانداز کرتے ہیں۔      • ورم     • وائرس     •  ٹروجن هارس	
ورم:  یہ پروگرام کسی کے علم میں لائے بغیر خود سے اپنے آپ کو پھیلاتا ہے اور ایکٹو ہونے کے لیے کسی کی مدد کا محتاج نہیں ہوتا یعنی خود بخود ایکٹو ہوجاتا ہے۔  	ورم:  یہ پروگرام کسی کے علم میں لائے بناء خود سے اپنے آپ کو پھیلاتا ہے اور ایکٹو ہونے کے لیے کسی کی مدد کا پابند نہیں ہوتا یعنی خود بخود ایکٹو ہوجاتا ہے۔ 	
وائرس: ایسا پروگرام جو بہرحال کمپیوٹر کے لیے خطرناک ہو، وائرس کہلاتا ہے۔ 	وائرس: ایسا پروگرام جو ہرحال میں کمپیوٹر کے لیے خطرہ ہو، وائرس کہلاتا ہے۔ 	
آپ کو دلچسپ ناموں کے ذریعے لالچ دے کر کسی پروگرام کو چلانے پر آمادہ کرتا ہے یا ای میل کے ساتھ آنے والی اٹیچ مینٹ کو اوپن یا ڈاﺅن لوڈ کرنے کے لیے ہدایات دی جاتی ہیں۔	آپ کو دلچسپ ناموں کے ذریعے لالچ دے کر کسی پروگرام کو چلانے پر تیار کرتا ہے یا ای میل کے ساتھ آنے والی اٹیچ مینٹ کو اوپن یا ڈاﺅن لوڈ کرنے کے لیے ہدایات دی جاتی ہیں۔	
جب آپ فائل کو اوپن کریں یا وائرس کے پروگرام کو چلا دیتے ہیں تو وائرس اپنا کا م کرنا شروع کردیتا ہےاور یہ کمپیوٹر میں مخفی رہ کر اپنی کاپیز بناتا رہتا ہے۔	جب آپ فائل کو اوپن کریں یا وائرس کے پروگرام کو چلا دیتے ہیں تو وائرس اپنا کا م کرنا شروع کردیتا ہےاور یہ کمپیوٹر میں چھپ کر اپنی کاپیز بناتا رہتا ہے۔	
ٹروجن ہارس: قدیم یونانی روایات کے ٹروجن ہارس کی طرح وائرس کی یہ قسم عام بے ضرر پروگرام یا سوفٹ وئیر کے ساتھ اپنے آپ کو اٹیچ کر لیتی ہے اور اس پروگرام کو چلانے سے یہ بھی ایکٹو ہوکر اپنا کام شروع کردیتا ہے۔ 	ٹروجن ہارس: پرانی یونانی روایات کے ٹروجن ہارس کی طرح وائرس کی یہ قسم عام غیر نقصان دہ پروگرام یا سوفٹ وئیر کے ساتھ اپنے آپ کو جوڑ لیتی ہے اور اس پروگرام کو چلانے سے یہ بھی ایکٹو ہوکر اپنا کام شروع کردیتا ہے۔ 	
وائرس کی حد بندی اس طرح سے کی جاسکتی ہے کہ اگر انفیکٹڈ ہوچکی ہے تو ایسے کمپیوٹر کو نیٹ ورک سے فوراً علیحدہ کر لیں اور اس طرح سے فائلز کا تبادلہ روک دیا جائے اور دوسری صورت یہ کہ اگر کمپیوٹر سسٹم میں وائرس داخل ہوچکا ہے تو اس کو ختم کرنا ہر کام سے زیادہ ضروری ہے بعض سوفٹ وئیر (انٹی وائرس ) خود وائرس پروگرام ہوتے ہیں۔	وائرس کو  پابند اس طرح سے کیا جاسکتا ہے کہ اگر ونڈوز متاثر ہوچکی ہے تو ایسے کمپیوٹر کو نیٹ ورک سے فوراً  الگ کر لیں اور اس طرح سے فائلز کی تبدیلی روک دی جائے اور دوسری صورت یہ کہ اگر کمپیوٹر سسٹم میں وائرس داخل ہوچکا ہے تو اس کو ختم کرنا ہر کام سے زیادہ ضروری ہے بعض سوفٹ وئیر (انٹی وائرس ) خود وائرس پروگرام ہوتے ہیں۔	
وائرس پروگرام بنانے والوں کے دو مقاصد ہوتے ہیں; کسی مخصوص شخص یا ادارے کے ریکارڈ کو تباہ کیا جاسکے یا مخصوص وائرس کی مدد سے کسی کے کمپیوٹر سے معلومات چوری کی جاسکیں۔	وائرس پروگرام بنانے والوں کے دو مقاصد ہوتے ہیں; کسی خاص شخص یا ادارے کے ریکارڈ کو تباہ کیا جاسکے یا خاص وائرس کی مدد سے کسی کے کمپیوٹر سے معلومات چوری کی جاسکیں۔	
